{
  "ForageSpawnEnabled": true,
  "LargeObjectSpawnEnabled": true,
  "OreSpawnEnabled": true,
  "MonsterSpawnEnabled": true,
  "Forage_Spawn_Settings": {
    "Areas": [
      {
        "SpringItemIndex": [
          16,
          20,
          22,
          18
        ],
        "SummerItemIndex": [
          396,
          398,
          402
        ],
        "FallItemIndex": [
          281,
          406,
          420,
          408
        ],
        "WinterItemIndex": [
          283,
          412,
          418
        ],
        "UniqueAreaID": "EastScarpeLand",
        "MapName": "Custom_EastScarpe",
        "MinimumSpawnsPerDay": 1,
        "MaximumSpawnsPerDay": 3,
        "IncludeTerrainTypes": [],
        "ExcludeTerrainTypes": [],
        "IncludeCoordinates": [
          "0,0/76,79"
        ],
        "ExcludeCoordinates": [
          "0,53/12,89"
        ],
        "StrictTileChecking": "High",
        "SpawnTiming": {
          "StartTime": 600,
          "EndTime": 600,
          "MinimumTimeBetweenSpawns": 10,
          "MaximumSimultaneousSpawns": null,
          "OnlySpawnIfAPlayerIsPresent": false,
          "SpawnSound": ""
        },
        "ExtraConditions": {
          "Years": [],
          "Seasons": [],
          "Days": [],
          "WeatherYesterday": [],
          "WeatherToday": [],
          "WeatherTomorrow": [],
          "EPUPreconditions": [],
          "LimitedNumberOfSpawns": null
        },
        "DaysUntilSpawnsExpire": null
      },
      {
        "SpringItemIndex": [
          372,
          718,
          719,
          723
        ],
        "SummerItemIndex": [
          372,
          394,
          718,
          719,
          723
        ],
        "FallItemIndex": [
          372,
          718,
          719,
          723
        ],
        "WinterItemIndex": [
          392,
          718,
          719,
          723
        ],
        "UniqueAreaID": "EastScarpeBeach",
        "MapName": "Custom_EastScarpe",
        "MinimumSpawnsPerDay": -1,
        "MaximumSpawnsPerDay": 3,
        "IncludeTerrainTypes": [],
        "ExcludeTerrainTypes": [],
        "IncludeCoordinates": [
          "0,98/66,123",
          "40,79/67,103"
        ],
        "ExcludeCoordinates": [],
        "StrictTileChecking": "Maximum",
        "SpawnTiming": {
          "StartTime": 600,
          "EndTime": 600,
          "MinimumTimeBetweenSpawns": 10,
          "MaximumSimultaneousSpawns": null,
          "OnlySpawnIfAPlayerIsPresent": false,
          "SpawnSound": ""
        },
        "ExtraConditions": {
          "Years": [],
          "Seasons": [],
          "Days": [],
          "WeatherYesterday": [],
          "WeatherToday": [],
          "WeatherTomorrow": [],
          "EPUPreconditions": [],
          "LimitedNumberOfSpawns": null
        },
        "DaysUntilSpawnsExpire": 2
      },
      {
        "SpringItemIndex": null,
        "SummerItemIndex": [
          372,
          394,
          718,
          719,
          723
        ],
        "FallItemIndex": null,
        "WinterItemIndex": null,
        "UniqueAreaID": "EastScarpe (summer extras)",
        "MapName": "Custom_EastScarpe",
        "MinimumSpawnsPerDay": 4,
        "MaximumSpawnsPerDay": 10,
        "IncludeTerrainTypes": [],
        "ExcludeTerrainTypes": [],
        "IncludeCoordinates": [
          "0,98/66,123",
          "40,79/67,103"
        ],
        "ExcludeCoordinates": [],
        "StrictTileChecking": "Maximum",
        "SpawnTiming": {
          "StartTime": 600,
          "EndTime": 600,
          "MinimumTimeBetweenSpawns": 10,
          "MaximumSimultaneousSpawns": null,
          "OnlySpawnIfAPlayerIsPresent": false,
          "SpawnSound": ""
        },
        "ExtraConditions": {
          "Years": [],
          "Seasons": [
            "Summer"
          ],
          "Days": [
            "12-14"
          ],
          "WeatherYesterday": [],
          "WeatherToday": [],
          "WeatherTomorrow": [],
          "EPUPreconditions": [],
          "LimitedNumberOfSpawns": null
        },
        "DaysUntilSpawnsExpire": null
      },
      {
        "SpringItemIndex": [
          404,
          80
        ],
        "SummerItemIndex": [
          404,
          80
        ],
        "FallItemIndex": [
          404,
          80
        ],
        "WinterItemIndex": [
          404,
          80
        ],
        "UniqueAreaID": "DeepDark Foraging Area 1",
        "MapName": "Custom_ESDeepDark",
        "MinimumSpawnsPerDay": -2,
        "MaximumSpawnsPerDay": 3,
        "IncludeTerrainTypes": [],
        "ExcludeTerrainTypes": [],
        "IncludeCoordinates": [
          "33,31/39,44"
        ],
        "ExcludeCoordinates": [
          "38,34/38,44"
        ],
        "StrictTileChecking": "High",
        "SpawnTiming": {
          "StartTime": 600,
          "EndTime": 600,
          "MinimumTimeBetweenSpawns": 10,
          "MaximumSimultaneousSpawns": null,
          "OnlySpawnIfAPlayerIsPresent": false,
          "SpawnSound": ""
        },
        "ExtraConditions": {
          "Years": [],
          "Seasons": [],
          "Days": [],
          "WeatherYesterday": [],
          "WeatherToday": [],
          "WeatherTomorrow": [],
          "EPUPreconditions": [],
          "LimitedNumberOfSpawns": null
        },
        "DaysUntilSpawnsExpire": 3
      },
      {
        "SpringItemIndex": [
          {
            "category": "breakable",
            "contents": [
              {
                "Category": "Object",
                "Name": "Sap",
                "Stack": 8,
                "PercentChanceToSpawn": 5
              },
              {
                "Category": "Object",
                "Name": "Sap",
                "Stack": 3,
                "PercentChanceToSpawn": 5
              },
              {
                "Category": "Object",
                "Name": "Wood",
                "Stack": 5,
                "PercentChanceToSpawn": 5
              },
              {
                "Category": "Object",
                "Name": "Wood",
                "Stack": 5,
                "PercentChanceToSpawn": 5
              },
              {
                "Category": "Object",
                "Name": "Wine",
                "Stack": 1,
                "PercentChanceToSpawn": 1
              },
              {
                "Category": "Object",
                "Name": "Mixed Seeds",
                "Stack": 1,
                "PercentChanceToSpawn": 5
              },
              {
                "Category": "Object",
                "Name": "Mixed Seeds",
                "Stack": 2,
                "PercentChanceToSpawn": 5
              },
              {
                "Category": "Object",
                "Name": "Cave Carrot",
                "Stack": 1,
                "PercentChanceToSpawn": 5
              }
            ]
          }
        ],
        "SummerItemIndex": [
          {
            "category": "breakable",
            "contents": [
              {
                "Category": "Object",
                "Name": "Sap",
                "Stack": 8,
                "PercentChanceToSpawn": 5
              },
              {
                "Category": "Object",
                "Name": "Sap",
                "Stack": 3,
                "PercentChanceToSpawn": 5
              },
              {
                "Category": "Object",
                "Name": "Wood",
                "Stack": 5,
                "PercentChanceToSpawn": 5
              },
              {
                "Category": "Object",
                "Name": "Wood",
                "Stack": 5,
                "PercentChanceToSpawn": 5
              },
              {
                "Category": "Object",
                "Name": "Lobster",
                "Stack": 1,
                "PercentChanceToSpawn": 1
              },
              {
                "Category": "Object",
                "Name": "Mixed Seeds",
                "Stack": 1,
                "PercentChanceToSpawn": 5
              },
              {
                "Category": "Object",
                "Name": "Mixed Seeds",
                "Stack": 2,
                "PercentChanceToSpawn": 5
              },
              {
                "Category": "Object",
                "Name": "Cave Carrot",
                "Stack": 1,
                "PercentChanceToSpawn": 5
              }
            ]
          }
        ],
        "FallItemIndex": [
          {
            "category": "breakable",
            "contents": [
              {
                "Category": "Object",
                "Name": "Sap",
                "Stack": 8,
                "PercentChanceToSpawn": 5
              },
              {
                "Category": "Object",
                "Name": "Sap",
                "Stack": 3,
                "PercentChanceToSpawn": 5
              },
              {
                "Category": "Object",
                "Name": "Wood",
                "Stack": 5,
                "PercentChanceToSpawn": 5
              },
              {
                "Category": "Object",
                "Name": "Wood",
                "Stack": 5,
                "PercentChanceToSpawn": 5
              },
              {
                "Category": "Object",
                "Name": "Cloth",
                "Stack": 1,
                "PercentChanceToSpawn": 1
              },
              {
                "Category": "Object",
                "Name": "Mixed Seeds",
                "Stack": 1,
                "PercentChanceToSpawn": 5
              },
              {
                "Category": "Object",
                "Name": "Mixed Seeds",
                "Stack": 2,
                "PercentChanceToSpawn": 5
              },
              {
                "Category": "Object",
                "Name": "Cave Carrot",
                "Stack": 1,
                "PercentChanceToSpawn": 5
              }
            ]
          }
        ],
        "WinterItemIndex": [
          {
            "category": "breakable",
            "contents": [
              {
                "Category": "Object",
                "Name": "Sap",
                "Stack": 8,
                "PercentChanceToSpawn": 5
              },
              {
                "Category": "Object",
                "Name": "Sap",
                "Stack": 3,
                "PercentChanceToSpawn": 5
              },
              {
                "Category": "Object",
                "Name": "Wood",
                "Stack": 5,
                "PercentChanceToSpawn": 5
              },
              {
                "Category": "Object",
                "Name": "Wood",
                "Stack": 5,
                "PercentChanceToSpawn": 5
              },
              {
                "Category": "Object",
                "Name": "Mead",
                "Stack": 1,
                "PercentChanceToSpawn": 1
              },
              {
                "Category": "Object",
                "Name": "Mixed Seeds",
                "Stack": 1,
                "PercentChanceToSpawn": 5
              },
              {
                "Category": "Object",
                "Name": "Mixed Seeds",
                "Stack": 2,
                "PercentChanceToSpawn": 5
              },
              {
                "Category": "Object",
                "Name": "Cave Carrot",
                "Stack": 1,
                "PercentChanceToSpawn": 5
              }
            ]
          }
        ],
        "UniqueAreaID": "Underground1 forage area 1",
        "MapName": "Custom_ESDeepDark",
        "MinimumSpawnsPerDay": -2,
        "MaximumSpawnsPerDay": 5,
        "IncludeTerrainTypes": [],
        "ExcludeTerrainTypes": [],
        "IncludeCoordinates": [
          "34,18/40,24",
          "42,36/46,40",
          "41,48/45,52"
        ],
        "ExcludeCoordinates": [],
        "StrictTileChecking": "High",
        "SpawnTiming": {
          "StartTime": 600,
          "EndTime": 600,
          "MinimumTimeBetweenSpawns": 10,
          "MaximumSimultaneousSpawns": null,
          "OnlySpawnIfAPlayerIsPresent": false,
          "SpawnSound": ""
        },
        "ExtraConditions": {
          "Years": [],
          "Seasons": [],
          "Days": [],
          "WeatherYesterday": [],
          "WeatherToday": [],
          "WeatherTomorrow": [],
          "EPUPreconditions": [],
          "LimitedNumberOfSpawns": null
        },
        "DaysUntilSpawnsExpire": 3
      },
      {
        "SpringItemIndex": [
          440
        ],
        "SummerItemIndex": [
          440
        ],
        "FallItemIndex": [
          440
        ],
        "WinterItemIndex": [
          440
        ],
        "UniqueAreaID": "JacobBarn",
        "MapName": "Custom_ESJacobBarn",
        "MinimumSpawnsPerDay": -1,
        "MaximumSpawnsPerDay": 1,
        "IncludeTerrainTypes": [],
        "ExcludeTerrainTypes": [],
        "IncludeCoordinates": [
          "1,7/22,7",
          "11,8/14,13"
        ],
        "ExcludeCoordinates": [
          "1,3/23,6",
          "0,8/10,13",
          "15,9/20,12"
        ],
        "StrictTileChecking": "Maximum",
        "SpawnTiming": {
          "StartTime": 600,
          "EndTime": 600,
          "MinimumTimeBetweenSpawns": 10,
          "MaximumSimultaneousSpawns": null,
          "OnlySpawnIfAPlayerIsPresent": false,
          "SpawnSound": ""
        },
        "ExtraConditions": {
          "Years": [],
          "Seasons": [],
          "Days": [],
          "WeatherYesterday": [],
          "WeatherToday": [],
          "WeatherTomorrow": [],
          "EPUPreconditions": [],
          "LimitedNumberOfSpawns": null
        },
        "DaysUntilSpawnsExpire": 3
      },
      {
        "SpringItemIndex": [
          152
        ],
        "SummerItemIndex": [
          152
        ],
        "FallItemIndex": [
          152
        ],
        "WinterItemIndex": [
          152
        ],
        "UniqueAreaID": "ESOrchard Beach",
        "MapName": "Custom_ESOrchard",
        "MinimumSpawnsPerDay": -1,
        "MaximumSpawnsPerDay": 3,
        "IncludeTerrainTypes": [],
        "ExcludeTerrainTypes": [],
        "IncludeCoordinates": [
          "9,61/40,66",
          "9,67/31,73"
        ],
        "ExcludeCoordinates": [],
        "StrictTileChecking": "Maximum",
        "SpawnTiming": {
          "StartTime": 600,
          "EndTime": 600,
          "MinimumTimeBetweenSpawns": 10,
          "MaximumSimultaneousSpawns": null,
          "OnlySpawnIfAPlayerIsPresent": false,
          "SpawnSound": ""
        },
        "ExtraConditions": {
          "Years": [],
          "Seasons": [],
          "Days": [],
          "WeatherYesterday": [],
          "WeatherToday": [],
          "WeatherTomorrow": [],
          "EPUPreconditions": [],
          "LimitedNumberOfSpawns": null
        },
        "DaysUntilSpawnsExpire": null
      }
    ],
    "PercentExtraSpawnsPerForagingLevel": 0,
    "SpringItemIndex": [
      440
    ],
    "SummerItemIndex": [
      440
    ],
    "FallItemIndex": [
      440
    ],
    "WinterItemIndex": [
      440
    ],
    "CustomTileIndex": []
  },
  "Large_Object_Spawn_Settings": {
    "Areas": [
      {
        "ObjectTypes": [
          "Stump"
        ],
        "FindExistingObjectLocations": false,
        "PercentExtraSpawnsPerSkillLevel": 0,
        "RelatedSkill": "Foraging",
        "UniqueAreaID": "ESOrchard",
        "MapName": "Custom_ESOrchard",
        "MinimumSpawnsPerDay": -2,
        "MaximumSpawnsPerDay": 4,
        "IncludeTerrainTypes": [],
        "ExcludeTerrainTypes": [],
        "IncludeCoordinates": [
          "12,20/27,26"
        ],
        "ExcludeCoordinates": [],
        "StrictTileChecking": "Medium",
        "SpawnTiming": {
          "StartTime": 600,
          "EndTime": 600,
          "MinimumTimeBetweenSpawns": 10,
          "MaximumSimultaneousSpawns": null,
          "OnlySpawnIfAPlayerIsPresent": false,
          "SpawnSound": ""
        },
        "ExtraConditions": {
          "Years": [],
          "Seasons": [],
          "Days": [],
          "WeatherYesterday": [],
          "WeatherToday": [],
          "WeatherTomorrow": [],
          "EPUPreconditions": [],
          "LimitedNumberOfSpawns": null
        },
        "DaysUntilSpawnsExpire": 1
      }
    ],
    "CustomTileIndex": []
  },
  "Ore_Spawn_Settings": {
    "Areas": [
      {
        "MiningLevelRequired": null,
        "StartingSpawnChance": null,
        "LevelTenSpawnChance": null,
        "UniqueAreaID": "DeepDark Ore Area 1",
        "MapName": "Custom_ESDeepDark",
        "MinimumSpawnsPerDay": 10,
        "MaximumSpawnsPerDay": 15,
        "IncludeTerrainTypes": [],
        "ExcludeTerrainTypes": [],
        "IncludeCoordinates": [
          "1,9/31,54"
        ],
        "ExcludeCoordinates": [
          "16,15/31,34"
        ],
        "StrictTileChecking": "Maximum",
        "SpawnTiming": {
          "StartTime": 600,
          "EndTime": 600,
          "MinimumTimeBetweenSpawns": 10,
          "MaximumSimultaneousSpawns": null,
          "OnlySpawnIfAPlayerIsPresent": false,
          "SpawnSound": ""
        },
        "ExtraConditions": {
          "Years": [],
          "Seasons": [],
          "Days": [],
          "WeatherYesterday": [],
          "WeatherToday": [],
          "WeatherTomorrow": [],
          "EPUPreconditions": [],
          "LimitedNumberOfSpawns": null
        },
        "DaysUntilSpawnsExpire": 3
      }
    ],
    "PercentExtraSpawnsPerMiningLevel": 0,
    "MiningLevelRequired": {
      "Stone": 0,
      "Geode": 0,
      "FrozenGeode": 0,
      "MagmaGeode": 0,
      "Gem": 0,
      "Copper": 0,
      "Iron": 0,
      "Gold": 0,
      "Iridium": 0,
      "Mystic": 0,
      "Radioactive": 0,
      "Diamond": 0,
      "Ruby": 0,
      "Jade": 0,
      "Amethyst": 0,
      "Topaz": 0,
      "Emerald": 0,
      "Aquamarine": 0
    },
    "StartingSpawnChance": {
      "Stone": 80,
      "Geode": 4,
      "FrozenGeode": 0,
      "MagmaGeode": 0,
      "Gem": 1,
      "Copper": 10,
      "Iron": 1,
      "Gold": 0,
      "Iridium": 0,
      "Mystic": 0,
      "Radioactive": 0,
      "Diamond": 0,
      "Ruby": 0,
      "Jade": 1,
      "Amethyst": 1,
      "Topaz": 1,
      "Emerald": 0,
      "Aquamarine": 1
    },
    "LevelTenSpawnChance": {
      "Stone": 68,
      "Geode": 10,
      "FrozenGeode": 0,
      "MagmaGeode": 0,
      "Gem": 1,
      "Copper": 5,
      "Iron": 5,
      "Gold": 1,
      "Iridium": 0,
      "Mystic": 0,
      "Radioactive": 0,
      "Diamond": 0,
      "Ruby": 0,
      "Jade": 2,
      "Amethyst": 2,
      "Topaz": 2,
      "Emerald": 2,
      "Aquamarine": 2
    },
    "CustomTileIndex": []
  },
  "Monster_Spawn_Settings": {
    "Areas": [
      {
        "MonsterTypes": [
          {
            "MonsterName": "Rock Crab",
            "Settings": {}
          },
          {
            "MonsterName": "Lava Crab",
            "Settings": {}
          }
        ],
        "UniqueAreaID": "EastScarpe monster area 1",
        "MapName": "Custom_EastScarpe",
        "MinimumSpawnsPerDay": 5,
        "MaximumSpawnsPerDay": 20,
        "IncludeTerrainTypes": [
          "All"
        ],
        "ExcludeTerrainTypes": [],
        "IncludeCoordinates": [
          "39,81/66,124"
        ],
        "ExcludeCoordinates": [],
        "StrictTileChecking": "Maximum",
        "SpawnTiming": {
          "StartTime": 1800,
          "EndTime": 2600,
          "MinimumTimeBetweenSpawns": 10,
          "MaximumSimultaneousSpawns": 3,
          "OnlySpawnIfAPlayerIsPresent": false,
          "SpawnSound": ""
        },
        "ExtraConditions": {
          "Years": [],
          "Seasons": [],
          "Days": [],
          "WeatherYesterday": [],
          "WeatherToday": [],
          "WeatherTomorrow": [],
          "EPUPreconditions": [],
          "LimitedNumberOfSpawns": null
        },
        "DaysUntilSpawnsExpire": null
      },
      {
        "MonsterTypes": [
          {
            "MonsterName": "Rock Crab",
            "Settings": {}
          },
          {
            "MonsterName": "Wilderness Golem",
            "Settings": {}
          },
          {
            "MonsterName": "Bat",
            "Settings": {}
          }
        ],
        "UniqueAreaID": "Underground Monster Area",
        "MapName": "Custom_ESDeepDark",
        "MinimumSpawnsPerDay": 10,
        "MaximumSpawnsPerDay": 20,
        "IncludeTerrainTypes": [
          "All"
        ],
        "ExcludeTerrainTypes": [],
        "IncludeCoordinates": [
          "1,9/46,59"
        ],
        "ExcludeCoordinates": [
          "16,16/32,45"
        ],
        "StrictTileChecking": "Maximum",
        "SpawnTiming": {
          "StartTime": 600,
          "EndTime": 2400,
          "MinimumTimeBetweenSpawns": 10,
          "MaximumSimultaneousSpawns": 12,
          "OnlySpawnIfAPlayerIsPresent": false,
          "SpawnSound": ""
        },
        "ExtraConditions": {
          "Years": [],
          "Seasons": [],
          "Days": [],
          "WeatherYesterday": [],
          "WeatherToday": [],
          "WeatherTomorrow": [],
          "EPUPreconditions": [],
          "LimitedNumberOfSpawns": null
        },
        "DaysUntilSpawnsExpire": null
      },
      {
        "MonsterTypes": [
          {
            "MonsterName": "Green Slime",
            "Settings": {}
          },
          {
            "MonsterName": "Blue Slime",
            "Settings": {}
          },
          {
            "MonsterName": "Purple Slime",
            "Settings": {}
          },
          {
            "MonsterName": "Red Slime",
            "Settings": {}
          }
        ],
        "UniqueAreaID": "ESOrchard monster area 1",
        "MapName": "Custom_ESOrchard",
        "MinimumSpawnsPerDay": 3,
        "MaximumSpawnsPerDay": 10,
        "IncludeTerrainTypes": [],
        "ExcludeTerrainTypes": [],
        "IncludeCoordinates": [
          "15,5/48,28"
        ],
        "ExcludeCoordinates": [],
        "StrictTileChecking": "Maximum",
        "SpawnTiming": {
          "StartTime": 600,
          "EndTime": 1800,
          "MinimumTimeBetweenSpawns": 10,
          "MaximumSimultaneousSpawns": 6,
          "OnlySpawnIfAPlayerIsPresent": false,
          "SpawnSound": "slime"
        },
        "ExtraConditions": {
          "Years": [],
          "Seasons": [],
          "Days": [],
          "WeatherYesterday": [],
          "WeatherToday": [],
          "WeatherTomorrow": [],
          "EPUPreconditions": [],
          "LimitedNumberOfSpawns": null
        },
        "DaysUntilSpawnsExpire": null
      }
    ],
    "CustomTileIndex": []
  },
  "QuarryTileIndex": [
    556,
    558,
    583,
    606,
    607,
    608,
    630,
    635,
    636,
    680,
    681,
    685
  ],
  "File_Conditions": {
    "FarmTypes": [],
    "FarmerNames": [],
    "SaveFileNames": [],
    "OtherMods": {}
  }
}