{
    "Format": "1.23",
    "CustomLocations": [
        //L O A D S   L O C A T I O N S **************************************************************
        { //External Map
            "Name": "Custom_EastScarpe",
            "FromMapFile": "assets/Locations/Outdoors/EastScarpeRevised.tmx",
            "MigrateLegacyNames": [
                "EastScarpe"
            ]
        },
        /*{
            "Name": "Custom_ESVineyard",
            "FromMapFile": "assets/Locations/Outdoors/Vineyard.tmx",
            "MigrateLegacyNames": [
                "Vineyard"
            ]
        },*/
        {
            "Name": "Custom_ESClearingHouse",
            "FromMapFile": "assets/Locations/Outdoors/ES_ClearingHouse2.tmx",
            "MigrateLegacyNames": [
                "ESClearingHouse"
            ]
        },
        { //External Map
            "Name": "Custom_ESMeadowFarm",
            "FromMapFile": "assets/Locations/Outdoors/MeadowPath.tmx"
        },
        {
            "Name": "Custom_HenryWarp",
            "FromMapFile": "assets/Locations/Outdoors/HenryWarp.tmx"
        },
        /*{
            "Name": "Custom_ESMtEvermore",
            "FromMapFile": "assets/Locations/Outdoors/MtEvermore.tmx"
        },*/
        { //Lighthouse
            "Name": "Custom_ESLighthouse",
            "FromMapFile": "assets/Locations/Interiors/Lighthouse_Interior.tmx",
            "MigrateLegacyNames": [
                "Lighthouse"
            ]
        },
        //I N T E R I O R S
        { //Aideen's house
            "Name": "Custom_ESHouse1",
            "FromMapFile": "assets/Locations/Interiors/AideenHouse.tmx",
            "MigrateLegacyNames": [
                "ESHouse1"
            ]
        },
        {
            "Name": "Custom_ESHouse2",
            "FromMapFile": "assets/Locations/Interiors/House2.tmx",
            "MigrateLegacyNames": [
                "ESHouse2"
            ]
        },
        {
            "Name": "Custom_ESHouse3",
            "FromMapFile": "assets/Locations/Interiors/House3.tmx",
            "MigrateLegacyNames": [
                "ESHouse3"
            ]
        },
        {
            "Name": "Custom_ESHouse4",
            "FromMapFile": "assets/Locations/Interiors/House4.tmx",
            "MigrateLegacyNames": [
                "ESHouse4"
            ]
        },
        /*{ //Rosa's Room in the inn
            "Name": "Custom_ES_InnRoomRosa",
            "FromMapFile": "assets/Locations/InnRoomRosa.tmx"
        },
        { //Dao (not compatible with SVE)
            "Name": "Custom_ES_DaoHouse",
            "FromMapFile": "assets/Locations/DaoHouse.tmx"
        },*/
        //Jacob And Eloise
        {
            "Name": "Custom_ESBirdHide",
            "FromMapFile": "assets/Locations/Interiors/BirdHide-Spring.tmx",
            "MigrateLegacyNames": [
                "BirdHide"
            ]
        },
        {
            "Name": "Custom_ESVetHouse",
            "FromMapFile": "assets/Locations/Interiors/VetHouse.tmx",
            "MigrateLegacyNames": [
                "VetHouse"
            ]
        },
        {
            "Name": "Custom_ESJacobOffice",
            "FromMapFile": "assets/Locations/Interiors/JacobOffice.tmx"
        },
        {
            "Name": "Custom_ESJacobBarn",
            "FromMapFile": "assets/Locations/Interiors/Barn3.tmx",
            "MigrateLegacyNames": [
                "JacobBarn"
            ]
        },
        { //Silo
            "Name": "Custom_ESSilo",
            "FromMapFile": "assets/Locations/Interiors/Silo1.tmx",
            "MigrateLegacyNames": [
                "Silo"
            ]
        },
        { //Extended
            "Name": "Custom_ESDeepMountains",
            "FromMapFile": "assets/Locations/Outdoors/DeepMountains_TrollGarden.tmx",
            "MigrateLegacyNames": [
                "DeepMountains"
            ]
        },
        {
            "Name": "Custom_ESOrchard",
            "FromMapFile": "assets/Locations/Outdoors/Orchard.tmx",
            "MigrateLegacyNames": [
                "ESOrchard"
            ]
        },
        {
            "Name": "Custom_ESMineEntrance",
            "FromMapFile": "assets/Locations/Outdoors/ESMineEntrance.tmx"
        },
        {
            "Name": "Custom_ESMeadowShed",
            "FromMapFile": "assets/Locations/Interiors/MeadowFarmShed.tmx"
        },
        {
            "Name": "Custom_ESLumaHut",
            "FromMapFile": "assets/Locations/Interiors/orchardjunimo2.tmx"
        },
        {
            "Name": "Custom_ESOrchardHouse",
            "FromMapFile": "assets/Locations/Interiors/OrchardHouse-ruins.tmx"
        },
        {
            "Name": "Custom_ESShack",
            "FromMapFile": "assets/Locations/Interiors/shack.tmx"
        },
        { //Underground Locations
            "Name": "Custom_ESDeepDark",
            "FromMapFile": "assets/Locations/Underground/Underground.tmx",
            "MigrateLegacyNames": [
                "Underground1"
            ]
        },
        {
            "Name": "Custom_ESSeaCave",
            "FromMapFile": "assets/Locations/Underground/SeaMonsterCaves.tmx",
            "MigrateLegacyNames": [
                "SeaCave"
            ]
        },
        { // Inn (created by ItsBenter and used with permission)
            "Name": "Custom_EastScarpeInn",
            "FromMapFile": "assets/Locations/InnInteriors/EastScarpeInn.tmx",
            "MigrateLegacyNames": [
                "EastScarpeInn"
            ]
        },
        {
            "Name": "Custom_ESInnBath",
            "FromMapFile": "assets/Locations/InnInteriors/InnBath.tmx",
            "MigrateLegacyNames": [
                "InnBath"
            ]
        },
        {
            "Name": "Custom_ESHartResidence",
            "FromMapFile": "assets/Locations/InnInteriors/HartResidence.tmx",
            "MigrateLegacyNames": [
                "HartResidence"
            ]
        }
    ],
    "ConfigSchema": {
        "TownMap": {
            "AllowValues": "default, karmylla, vanilla",
            "Default": "default"
        },
        "River": {
            "AllowValues": "true, false",
            "Default": "false"
        },
        "Forest": {
            "AllowValues": "true, false",
            "Default": "false"
        },
        "Skin": {
            "AllowValues": "Kaya, NewEastScarpe",
            "Default": "NewEastScarpe"
        },
        "EnableMeadowFarm": {
            "AllowValues": "true, false",
            "Default": "true"
        },
        "WalkTidePools": {
            "AllowValues": "true, false",
            "Default": "false"
        },
        "ObeliskOptions": {
            "AllowValues": "vanilla, glass, garden",
            "Default": "vanilla"
        }
    },
    "DynamicTokens": [
        {
            "Name": "birdVar",
            "Value": "0"
        },
        {
            "Name": "birdVar",
            "Value": "32",
            "When": {
                "Season": "fall",
                "DayofWeek": "friday, saturday, sunday"
            }
        },
        {
            "Name": "birdVar",
            "Value": "64",
            "When": {
                "Season": "fall",
                "DayofWeek": "monday, tuesday, wednesday, thursday"
            }
        },
        {
            "Name": "birdVar",
            "Value": "96",
            "When": {
                "Season": "winter"
            }
        },
        {
            "Name": "LadyShebaFriend",
            "Value": "false",
        },
        {
            "Name": "LadyShebaFriend",
            "Value": "true",
            "When": {
                "HasSeenEvent": "57879903"
            }
        },
    ],
    "Changes": [
        { // Adds map to overworld (work in progress)
            "Action": "Include",
            "FromFile": "assets/Data/WorldMap.json"
        },
        { // Warp Network Compatibility
            "Action": "Include",
            "FromFile": "assets/Data/WarpNetwork.json",
            "When": {
                "HasMod": "tlitookilakin.warpnetwork"
            }
        },
        { // Event LookUp Compatibility
            "Action": "Include",
            "FromFile": "assets/Data/EventLookUp.json",
            "When": {
                "HasMod": "shekurika.EventLookup"
            }
        },
        {
            "LogName": "Obelisk Texture Load",
            "Action": "Load",
            "Target": "Buildings/Scarp Obelisk",
            "FromFile": "assets/Buildings/eastscarpeobelisk_{{ObeliskOptions}}.png"
        },
        {
            "LogName": "Patch Obelisk Blueprint",
            "Action": "EditData",
            "Target": "Data/Blueprints",
            "Entries": {
                "Scarp Obelisk": "337 5 296 10 393 10/3/2/-1/-1/-2/-1/null/Scarp Obelisk/Warps you to East Scarp./Buildings/none/48/128/-1/null/Farm/5000/true"
            }
        },
        // T I L E S H E E T S
        {
            "Action": "Load",
            "Target": "Maps/spring_EastScarpe, Maps/summer_EastScarpe, Maps/fall_EastScarpe, Maps/winter_EastScarpe,Maps/spring_lighthouse, Maps/summer_lighthouse, Maps/fall_lighthouse, Maps/winter_lighthouse",
            "FromFile": "assets/TileSheets/{{Skin}}/{{TargetWithoutPath}}.png"
        },
        {
            "Action": "Load",
            "Target": "Maps/spring_Cottage, Maps/summer_Cottage, Maps/fall_Cottage , Maps/winter_Cottage, Maps/lemurfurniture, Maps/lumisteria_flowerset",
            "FromFile": "assets/TileSheets/{{TargetWithoutPath}}.png"
        },
        {
            "Action": "Load",
            "Target": "Maps/spring_Inn, Maps/summer_Inn, Maps/fall_Inn, Maps/winter_Inn",
            "FromFile": "assets/TileSheets/{{TargetWithoutPath}}.png",
            "When": {
                "HasMod |contains=Gweniaczek.WayBackPT": false
            }
        },
        {
            "Action": "Load",
            "Target": "Maps/spring_Inn, Maps/summer_Inn, Maps/fall_Inn, Maps/winter_Inn",
            "FromFile": "assets/TileSheets/Wayback/{{TargetWithoutPath}}.png",
            "When": {
                "HasMod |contains=Gweniaczek.WayBackPT": true
            }
        },
        {
            "Action": "Load",
            "Target": "Maps/spring_himeoutdoors, Maps/summer_himeoutdoors, Maps/fall_himeoutdoors , Maps/winter_himeoutdoors",
            "FromFile": "assets/TileSheets/{{TargetWithoutPath}}.png"
        },
        // M A P   P A T C H E S
        //River Patch : Add water or not (Set config "river" to "true")
        {
            "Action": "EditMap",
            "Target": "Maps/Custom_EastScarpe",
            "FromFile": "assets/Patches/EastScarpeRiverPatch1-waterfall.tmx",
            "ToArea": {
                "X": 19,
                "Y": 0,
                "Width": 19,
                "Height": 26
            },
            "When": {
                "River": true
            }
        },
        {
            "Action": "EditMap",
            "Target": "Maps/Custom_EastScarpe",
            "FromFile": "assets/Patches/EastScarpeRiverPatch2.tmx",
            "ToArea": {
                "X": 38,
                "Y": 15,
                "Width": 42,
                "Height": 17
            },
            "When": {
                "River": true
            }
        },
        {
            "Action": "EditMap",
            "Target": "Maps/Custom_EastScarpe",
            "FromFile": "assets/Patches/EastScarpeRevised_Aideen.tmx",
            "ToArea": {
                "X": 36,
                "Y": 74,
                "Width": 6,
                "Height": 3
            },
            "When": {
                "PlayerName": "Isla"
                //"HasSeenEvent": ""
            }
        },
        {
            "Action": "EditMap",
            "Target": "Maps/Custom_EastScarpe",
            "FromFile": "assets/Patches/ESWilderness1.tmx",
            "FromArea": {
                "X": 0,
                "Y": 0,
                "Width": 35,
                "Height": 24
            },
            "ToArea": {
                "X": 24,
                "Y": 38,
                "Width": 35,
                "Height": 24
            },
            "When": {
                "Forest": true,
                "HasMod |contains=DaisyNiko.Tilesheets": true,
                "HasMod |contains=Hime.ARV.CP": false
            }
        },
        { // Walk on Tide Pools (watch your toes!)
            "Action": "EditMap",
            "Target": "Maps/Custom_EastScarpe",
            "FromFile": "assets/Patches/TidePoolsWalk.tmx",
            "ToArea": {
                "X": 42,
                "Y": 88,
                "Width": 20,
                "Height": 23
            },
            "When": {
                "WalkTidePools": "true"
            }
        },
        //Mountains
        {
            "Action": "EditMap",
            "Target": "Maps/Mountain",
            "FromFile": "assets/Patches/MountainEastScarpe.tmx",
            "ToArea": {
                "X": 86,
                "Y": 35,
                "Width": 9,
                "Height": 6
            }
        },
        {
            "Action": "EditMap",
            "Target": "Maps/Mountain",
            "FromFile": "assets/Patches/MountainPatchDeepMountains.tmx",
            "ToArea": {
                "X": 86,
                "Y": 0,
                "Width": 7,
                "Height": 15
            },
            "When": {
                "HasMod |contains=FlashShifter.StardewValleyExpandedCP": false,
                "HasMod |contains=DaisyNiko.SVR2": false
            }
        },
        /*{
            "LogName": "Removes barricade from Deep Mountains",
            "Action": "EditMap",
            "Target": "Maps/Custom_ESDeepMountains",
            "MapTiles": [
                {
                    "Position": {
                        "X": 6,
                        "Y": 61
                    },
                    "Layer": "Buildings",
                    "Remove": true
                },
                {
                    "Position": {
                        "X": 7,
                        "Y": 61
                    },
                    "Layer": "Buildings",
                    "Remove": true
                },
                {
                    "Position": {
                        "X": 8,
                        "Y": 61
                    },
                    "Layer": "Buildings",
                    "Remove": true
                }
            ],
            "When": {
                "HasMod |contains=FlashShifter.StardewValleyExpandedCP": false
            }
        },*/
        { // Regular entrance
            "Action": "EditMap",
            "Target": "Maps/Town",
            "FromFile": "assets/Patches/ES_rev_core.tmx",
            "ToArea": {
                "X": 109,
                "Y": 63,
                "Width": 11,
                "Height": 14
            },
            "When": {
                "HasMod |contains=FlashShifter.StardewValleyExpandedCP": false
            }
        },
      
        {
            "Action": "Include",
            "FromFile": "assets/Data/OtherMaps.json",
            "When": {
                "HasMod |contains=FlashShifter.StardewValleyExpandedCP": false
            }
        },
        //if set to "vanilla" will over-ride every other option.
        {
            "Action": "EditMap",
            "Target": "Maps/Town",
            "FromFile": "assets/Patches/ES_rev_core.tmx",
            "ToArea": {
                "X": 109,
                "Y": 63,
                "Width": 11,
                "Height": 14
            },
            "When": {
                "TownMap": "vanilla"
            }
        },
        /*{
            "Action": "EditMap",
            "Target": "Maps/Custom_EastScarpe",
            "MapProperties": {
                "Warp": "-1 70 Custom_ESVineyard 59 19 -1 71 Custom_ESVineyard 59 20 -1 72 Custom_ESVineyard 59 21 -1 73 Custom_ESVineyard 59 22 -1 74 Custom_ESVineyard 59 23 79 48 Custom_ESOrchard 1 18 79 49 Custom_ESOrchard 1 19"
            },
            "When": {
                "HasMod |contains=FlashShifter.StardewValleyExpandedCP": false,
                "HasMod |contains=LemurKat.JulietHouse.NPC": false
            }
        },*/
        // For Juliet and Jessie
        {
            "Action": "EditMap",
            "Target": "Maps/Custom_EastScarpe",
            "TextOperations": [
                {
                    "Operation": "Append",
                    "Target": [
                        "MapProperties",
                        "Warp"
                    ],
                    "Value": "-1 70 Custom_ESClearingHouse 59 19 -1 71 Custom_ESClearingHouse 59 20 -1 72 Custom_ESClearingHouse 59 21 -1 73 Custom_ESClearingHouse 59 22 -1 74 Custom_ESClearingHouse 59 23",
                    "Delimiter": " "
                }
            ],
            "When": {
                "HasMod |contains=FlashShifter.StardewValleyExpandedCP": false
                // "HasMod": "LemurKat.JulietHouse.NPC"
            }
        },
        {
            "Action": "EditMap",
            "Target": "Maps/Custom_ESClearingHouse",
            "FromFile": "assets/Locations/Outdoors/ES_ClearingHouse.tmx",
            "ToArea": {
                "X": 0,
                "Y": 0,
                "Width": 60,
                "Height": 18
            },
            "FromArea": {
                "X": 0,
                "Y": 0,
                "Width": 60,
                "Height": 18
            },
            "When": {
                "HasMod |contains=FlashShifter.StardewValleyExpandedCP": false,
                "HasMod": "LemurKat.JulietHouse.NPC"
            }
        },
        /*{
            "Action": "EditMap",
            "Target": "Maps/Town",
            "TextOperations": [
                {
                    "Operation": "Append",
                    "Target": [
                        "MapProperties",
                        "Warp"
                    ],
                    "Value": "120 70 Custom_ESVineyard 0 20 120 71 Custom_ESVineyard 0 20 120 72 Custom_ESVineyard 0 20 120 73 Custom_ESVineyard 0 20 120 74 Custom_ESVineyard 0 20",
                    "Delimiter": " "
                }
            ],
            "When": {
                "HasMod |contains=FlashShifter.StardewValleyExpandedCP": false,
                "HasMod |contains=LemurKat.JulietHouse.NPC": false
            }
        },*/
        {
            "Action": "EditMap",
            "Target": "Maps/Town",
            "TextOperations": [
                {
                    "Operation": "Append",
                    "Target": [
                        "MapProperties",
                        "Warp"
                    ],
                    "Value": "120 70 Custom_ESClearingHouse 0 20 120 71 Custom_ESClearingHouse 0 20 120 72 Custom_ESClearingHouse 0 20 120 73 Custom_ESClearingHouse 0 20 120 74 Custom_ESClearingHouse 0 20",
                    "Delimiter": " "
                }
            ],
            "When": {
                "HasMod |contains=FlashShifter.StardewValleyExpandedCP": false,
                // "HasMod |contains=LemurKat.JulietHouse.NPC": true
            }
        },
        //If Meadow Farm NOT Enabled
        {
            "Action": "EditMap",
            "Target": "Maps/Custom_EastScarpe",
            "MapTiles": [
                {
                    "Position": {
                        "X": 73,
                        "Y": 0
                    },
                    "Layer": "Back",
                    "SetProperties": {
                        "TouchAction": "LoadMap Custom_ESDeepMountains 60 61"
                    }
                },
                {
                    "Position": {
                        "X": 74,
                        "Y": 0
                    },
                    "Layer": "Back",
                    "SetProperties": {
                        "TouchAction": "LoadMap Custom_ESDeepMountains 60 61"
                    }
                },
                {
                    "Position": {
                        "X": 75,
                        "Y": 0
                    },
                    "Layer": "Back",
                    "SetProperties": {
                        "TouchAction": "LoadMap Custom_ESDeepMountains 60 61"
                    }
                }
            ],
            "When": {
                "EnableMeadowFarm": "false"
            }
        },
        {
            "Action": "EditMap",
            "Target": "Maps/Custom_ESDeepMountains",
            "MapTiles": [
                {
                    "Position": {
                        "X": 59,
                        "Y": 62
                    },
                    "Layer": "Back",
                    "SetProperties": {
                        "TouchAction": "LoadMap Custom_EastScarpe 73 1"
                    }
                },
                {
                    "Position": {
                        "X": 60,
                        "Y": 62
                    },
                    "Layer": "Back",
                    "SetProperties": {
                        "TouchAction": "LoadMap Custom_EastScarpe 74 1"
                    }
                },
                {
                    "Position": {
                        "X": 61,
                        "Y": 62
                    },
                    "Layer": "Back",
                    "SetProperties": {
                        "TouchAction": "LoadMap Custom_EastScarpe 75 1"
                    }
                }
            ],
            "When": {
                "EnableMeadowFarm": "false"
            }
        },
        //If Meadow Farm Enabled
        {
            "Action": "EditMap",
            "Target": "Maps/Custom_ESDeepMountains",
            "MapProperties": {
                "Warp": "59 62 Custom_ESMeadowFarm 15 0 60 62 Custom_ESMeadowFarm 15 0 61 62 Custom_ESMeadowFarm 15 0"
            },
            "When": {
                "EnableMeadowFarm": "true"
            }
        },
        // Makes the Bird Hide's views seasonal
        {
            "Action": "EditMap",
            "Target": "Maps/Custom_ESBirdHide",
            "FromFile": "assets/Locations/Interiors/BirdHide-Summer.tmx",
            "When": {
                "Season": "summer"
            }
        },
        {
            "Action": "EditMap",
            "Target": "Maps/Custom_ESBirdHide",
            "FromFile": "assets/Locations/Interiors/BirdHide-Winter.tmx",
            "When": {
                "Season": "winter"
            }
        },
        {
            "Action": "EditMap",
            "Target": "Maps/Custom_ESBirdHide",
            "FromFile": "assets/Locations/Interiors/BirdHide-Fall.tmx",
            "When": {
                "Season": "fall"
            }
        },
        {
            "LogName": "Adds warp to caves",
            "Action": "EditMap",
            "Target": "Maps/Custom_EastScarpe",
            "MapTiles": [
                {
                    "Position": {
                        "X": 43,
                        "Y": 84
                    },
                    "Layer": "Back",
                    "SetProperties": {
                        "TouchAction": "LoadMap Custom_ESDeepDark 14 67"
                    }
                },
                {
                    "Position": {
                        "X": 44,
                        "Y": 84
                    },
                    "Layer": "Back",
                    "SetProperties": {
                        "TouchAction": "LoadMap Custom_ESDeepDark 14 67"
                    }
                }
            ]
        },
        //Adds warp to Meadow Farm if option selected  
        {
            "LogName": "Adds warp to Meadow Farm",
            "Action": "EditMap",
            "Target": "Maps/Custom_EastScarpe",
            "When": {
                "EnableMeadowFarm": "true"
            },
            "MapTiles": [
                {
                    "Position": {
                        "X": 73,
                        "Y": 0
                    },
                    "Layer": "Back",
                    "SetProperties": {
                        "TouchAction": "LoadMap Custom_ESMeadowFarm 30 39"
                    }
                },
                {
                    "Position": {
                        "X": 74,
                        "Y": 0
                    },
                    "Layer": "Back",
                    "SetProperties": {
                        "TouchAction": "LoadMap Custom_ESMeadowFarm 30 39"
                    }
                },
                {
                    "Position": {
                        "X": 75,
                        "Y": 0
                    },
                    "Layer": "Back",
                    "SetProperties": {
                        "TouchAction": "LoadMap Custom_ESMeadowFarm 30 39"
                    }
                }
            ]
        },
        {
            "Action": "EditMap",
            "Target": "Maps/Custom_EastScarpe",
            "TextOperations": [
                {
                    "Operation": "Append",
                    "Target": [
                        "MapProperties",
                        "NPCWarp"
                    ],
                    "Value": "78 4 Custom_HenryWarp 6 10",
                    "Delimiter": " "
                }
            ]
        },
        //Adds Deep Mpuntains Warp to Mountain and Mountain Warp to Deep Mountains
        {
            "Action": "EditMap",
            "Target": "Maps/Mountain",
            "TextOperations": [
                {
                    "Operation": "Append",
                    "Target": [
                        "MapProperties",
                        "Warp"
                    ],
                    "Value": "88 -1 Custom_ESDeepMountains 7 61 89 -1 Custom_ESDeepMountains 7 61 90 -1 Custom_ESDeepMountains 7 61 91 -1 Custom_ESDeepMountains 7 61",
                    "Delimiter": " "
                }
            ],
            "When": {
                "HasMod |contains=FlashShifter.StardewValleyExpandedCP": false
            }
        },
        {
            "Action": "EditMap",
            "Target": "Maps/Custom_ESDeepMountains",
            "TextOperations": [
                {
                    "Operation": "Append",
                    "Target": [
                        "MapProperties",
                        "Warp"
                    ],
                    "Value": "6 62 Mountain 89 0 7 62 Mountain 89 0 8 62 Mountain 89 0",
                    "Delimiter": " "
                }
            ],
            "When": {
                "HasMod |contains=FlashShifter.StardewValleyExpandedCP": false
            }
        },
        {
            "Action": "EditMap",
            "Target": "Maps/Custom_ESSeaCave",
            "FromFile": "assets/Locations/Underground/SeamonsterCaves_Lexiboard.tmx",
            "ToArea": {
                "X": 29,
                "Y": 22,
                "Width": 3,
                "Height": 2
            },
            "When": {
                "HasSeenEvent": "57872012"
            }
        },
        /*{
            "LogName": "Adds warp to caves",
            "Action": "EditMap",
            "Target": "Maps/Custom_ESDeepMountains",
            "MapTiles": [
                {
                    "Position": {
                        "X": 43,
                        "Y": 84
                    },
                    "Layer": "Back",
                    "SetProperties": {
                        "TouchAction": "LoadMap Custom_ESDeepDark 14 67"
                    }
                },
                {
                    "Position": {
                        "X": 44,
                        "Y": 84
                    },
                    "Layer": "Back",
                    "SetProperties": {
                        "TouchAction": "LoadMap Custom_ESDeepDark 14 67"
                    }
                }
            ]
        },*/
        //Fishing
        {
            "Action": "EditData",
            "Target": "Data/Locations",
            "Entries": {
                "Custom_EastScarpe": "-1/-1/-1/-1/153 -1 142 0 152 -1 129 1 147 1 131 2 148 2 708 2/153 -1 142 0 144 0 152 -1 154 1 128 2 130 2 146 2 149 2 150 2 155 2 708 2 701 2 267 2/153 -1 142 0 269 0 152 -1 129 1 154 1 155 1 131 2 148 2 150 2 705 2 701 2/153 -1 142 0 269 0 152 -1 147 1 155 1 708 2 130 2 131 2 146 2 150 2 151 2 154 2 705 2/107 .01 378 .08 579 .1 588 .1 581 .1 583 .1 102 .15 390 .25 330 1",
                "Custom_ESDeepDark": "-1/-1/-1/-1/153 -1 156 -1 157 -1 158 -1/153 -1 156 -1 157 -1 158 -1/153 -1 156 -1 157 -1 158 -1/153 -1 156 -1 157 -1 158 -1/107 .01 378 .08 579 .1 588 .1 581 .1 583 .1",
                "Custom_ESOrchard": "-1/-1/-1/-1/139 -1 698 -1 147 -1 136 -1 699 -1 138 -1 129 -1/139 -1 137 -1 136 -1 699 -1 148 -1/698 -1 137 -1 136 -1 699 -1/147 -1 136 -1 699 -1/110 .1 118 .1 100 .05 103 .05 106 .05 102 .15 390 .25 330 1",
                "Custom_ESVineyard": "18 .9/402 .9/410 .6/418 .7 414 .1 283 .5/137 -1 132 -1 143 -1 145 -1 153 -1 706 -1/138 -1 132 -1 144 -1 145 -1 153 -1 706 -1 704 -1/139 -1 137 -1 132 -1 140 -1 143 -1 153 -1 706 -1 699 -1/132 -1 140 -1 141 -1 143 -1 144 -1 153 -1 707 -1 699 -1/378 .2 110 .2 583 .1 102 .2 390 .25 330 1",
                "Custom_ESClearingHouse": "18 .9/402 .9/410 .6/418 .7 414 .1 283 .5/137 -1 132 -1 143 -1 145 -1 153 -1 706 -1/138 -1 132 -1 144 -1 145 -1 153 -1 706 -1 704 -1/139 -1 137 -1 132 -1 140 -1 143 -1 153 -1 706 -1 699 -1/132 -1 140 -1 141 -1 143 -1 144 -1 153 -1 707 -1 699 -1/378 .2 110 .2 583 .1 102 .2 390 .25 330 1",
                "Custom_ESMineEntrance": "-1/-1/-1/-1/136 -1 142 -1 153 -1 702 -1 700 -1/136 -1 142 -1 153 -1 138 -1 702 -1 700 -1 698 -1/136 -1 140 -1 142 -1 153 -1 702 -1 700 -1 269 -1/136 -1 140 -1 141 -1 153 -1 707 -1 702 -1 700 -1 698 -1 269 -1/382 .06 581 .1 378 .1 102 .15 390 .25 330 1",
                "Custom_ESSeaCave": "-1/-1/-1/-1/152 -1 153 -1 148 -1 156 -1/152 -1 153 -1 156 -1/152 -1 153 -1 148 -1 154 -1 156 -1/152 -1 153 -1 154 -1 156 -1 1058 -1/110 .1 118 .1 100 .05 103 .05 106 .05 102 .15 390 .25 330 1",
            }
        },
        {
            "Action": "EditData",
            "Target": "Data/Locations",
            "TextOperations": [
                // East Scarpe
                {
                    "Operation": "Append",
                    "Target": [
                        "Fields",
                        "Custom_EastScarpe",
                        4
                    ],
                    "Value": "1123 0 1124 0 1146 0 1147 0 1071 1 1088 1 1075 1 1120 2 1137 2 1139 2 1143 2 1058 2 1076 2",
                    "Delimiter": " "
                },
                {
                    "Operation": "Append",
                    "Target": [
                        "Fields",
                        "Custom_EastScarpe",
                        5
                    ],
                    "Value": "1122 0 1124 0 1148 0 1082 0 1146 0 1071 1 1075 1 1120 2 1129 2 1143 2 1068 2 1070 2",
                    "Delimiter": " "
                },
                {
                    "Operation": "Append",
                    "Target": [
                        "Fields",
                        "Custom_EastScarpe",
                        6
                    ],
                    "Value": "1121 0 1146 0 1149 0 152 -1 1075 1 1135 2 1136 2 1059 2 1069 2",
                    "Delimiter": " "
                },
                {
                    "Operation": "Append",
                    "Target": [
                        "Fields",
                        "Custom_EastScarpe",
                        7
                    ],
                    "Value": "1079 0 1081 0 1075 1 1135 2 1138 2 1126 2 1060 2 1061 2 1072 2 1080 2 1109 2",
                    "Delimiter": " "
                },
                // DeepDark
                {
                    "Operation": "Append",
                    "Target": [
                        "Fields",
                        "Custom_ESDeepDark",
                        4
                    ],
                    "Value": "1145 -1 1062 -1 1075 -1 1095 -1 1184 -1 1185 -1 1114 -1",
                    "Delimiter": " "
                },
                {
                    "Operation": "Append",
                    "Target": [
                        "Fields",
                        "Custom_ESDeepDark",
                        5
                    ],
                    "Value": "1145 -1 1062 -1 1075 -1 1095 -1 1184 -1 1185 -1 1114 -1",
                    "Delimiter": " "
                },
                {
                    "Operation": "Append",
                    "Target": [
                        "Fields",
                        "Custom_ESDeepDark",
                        6
                    ],
                    "Value": "1145 -1 1062 -1 1075 -1 1095 -1 1184 -1 1185 -1 1114 -1",
                    "Delimiter": " "
                },
                {
                    "Operation": "Append",
                    "Target": [
                        "Fields",
                        "Custom_ESDeepDark",
                        7
                    ],
                    "Value": "1145 -1 1062 -1 1075 -1 1095 -1 1184 -1 1185 -1 1114 -1",
                    "Delimiter": " "
                },
                // Orchard
                {
                    "Operation": "Append",
                    "Target": [
                        "Fields",
                        "Custom_ESOrchard",
                        4
                    ],
                    "Value": "1073 -1 1086 -1 1092 -1",
                    "Delimiter": " "
                },
                {
                    "Operation": "Append",
                    "Target": [
                        "Fields",
                        "Custom_ESOrchard",
                        5
                    ],
                    "Value": "1073 -1 1086 -1 1092 -1",
                    "Delimiter": " "
                },
                {
                    "Operation": "Append",
                    "Target": [
                        "Fields",
                        "Custom_ESOrchard",
                        6
                    ],
                    "Value": "1086 -1 1092 -1",
                    "Delimiter": " "
                }
            ],
            "When": {
                "HasMod |contains=MoreFish": true
            }
        },
        {
            "Action": "EditData",
            "Target": "Data/Locations",
            "Fields": {
                "Custom_EastScarpe": {
                    "5": "142 0 144 0 1122 0 1124 0 1148 0 1082 0 1146 0 138 0 132 0 145 0 153 0 706 0 701 0 1073 0 154 1 1075 1 1168 2 1171 2 1173 2 1175 2 1159 2 1158 2 1166 2 1160 2 1177 2 1068 2 1071 2"
                }
            },
            "When": {
                "HasMod |contains=MoreFish": true,
                "Season": "summer",
                "Day": "12, 13, 14"
            }
        },
        /*{
            "Action": "EditData",
            "Target": "Data/Fish",
            "Fields": {
                "137": {
                    "6": "summer fall"
                },
                "138": {
                    "6": "spring"
                },
                "139": {
                    "6": "spring summer"
                },
                "148": {
                    "6": "summer"
                },
                "698": {
                    "6": "spring fall"
                }
            },
            "When": {
                "LocationName": "Custom_ESOrchard"
            }
        },*/
        //If Smapi component is uninstalled for mobile etc
        {
            "Action": "EditData",
            "Target": "Data/Locations",
            "Entries": {
                "Custom_EastScarpe": "-1/-1/-1/-1/153 -1 142 -1 152 -1 129 -1 147 -1 131 -1 148 -1 708 -1/153 -1 142 -1 144 -1 152 -1 154 -1 128 -1 130 -1 146 -1 149 -1 150 -1 155 -1 708 -1 701 -1 267 -1/153 -1 142 -1 269 0 152 -1 129 -1 154 -1 155 -1 131 -1 148 -1 150 -1 705 -1 701 -1/153 -1 142 -1 269 -1 152 -1 147 -1 155 -1 708 -1 130 -1 131 -1 146 -1 150 -1 151 -1 154 -1 705 -1/107 .01 378 .08 579 .1 588 .1 581 .1 583 .1 102 .15 390 .25 330 1"
            },
            "When": {
                "HasMod |contains=MoreFish": false,
                "HasMod |contains=LemurKat.EastScarpe.SMAPI": false
            }
        },
        {
            "Action": "EditData",
            "Target": "Data/Locations",
            "Entries": {
                "Custom_EastScarpe": "-1/-1/-1/-1/153 -1 142 -1 1123 -1 1124 -1 1146 -1 1147 -1 152 -1 129 -1 147 -1 1071 -1 1088 -1 1075 -1 131 -1 148 -1 708 -1 1120 -1 1137 -1 1139 -1 1143 -1 1058 -1 1076 -1 267 2/153 -1 142 -1 144 -1 1122 -1 1124 -1 1148 -1 1082 -1 1146 -1 152 -1 154 -1 1071 -1 1075 -1 128 -1 130 -1 146 -1 149 -1 150 -1 155 -1 708 -1 267 -1 1120 -1 1129 -1 1143 -1 1068 -1 1070 -1/153 -1 142 -1 269 -1 1121 -1 1146 -1 1149 -1 152 -1 129 -1 154 -1 155 -1 1075 -1 131 -1 148 -1 150 -1 705 -1 1135 -1 1136 -1 1059 -1 1069 -1/153 -1 142 -1 269 -1 1146 -1 1079 -1 1081 -1 152 -1 147 -1 155 -1 1075 -1 708 -1 130 -1 131 -1 146 -1 150 -1 151 -1 154 -1 705 -1 1135 -1 1138 -1 1126 -1 1060 -1 1061 -1 1072 -1 1080 -1 1109 -1/107 .01 378 .08 579 .1 588 .1 581 .1 583 .1 102 .15 390 .25 330 1"
            },
            "When": {
                "HasMod |contains=MoreFish": true,
                "HasMod |contains=LemurKat.EastScarpe.SMAPI": false
            }
        },
        {
            "Action": "Include",
            "FromFile": "assets/Data/Fishing.json"
        },
        //Seasonal Birdwatching
        {
            "LogName": "Pelicans for Pelican Town part 1",
            "Action": "EditImage",
            "Target": "TileSheets/Critters",
            "FromFile": "assets/Pelican.png",
            "FromArea": {
                "X": 0,
                "Y": 0,
                "Width": 320,
                "Height": 32
            },
            "ToArea": {
                "X": 0,
                "Y": 0,
                "Width": 320,
                "Height": 32
            },
            "When": {
                "LocationName": "Custom_EastScarpe"
            },
            "Update": "OnLocationChange"
        },
        {
            "LogName": "Pelicans for Pelican Town part 2",
            "Action": "EditImage",
            "Target": "TileSheets/Critters",
            "FromFile": "assets/Pelican.png",
            "FromArea": {
                "X": 0,
                "Y": 32,
                "Width": 128,
                "Height": 32
            },
            "ToArea": {
                "X": 0,
                "Y": 32,
                "Width": 128,
                "Height": 32
            },
            "When": {
                "LocationName": "Custom_EastScarpe"
            },
            "Update": "OnLocationChange"
        },
        {
            "LogName": "Pink Wader Migration part 1",
            "Action": "EditImage",
            "Target": "TileSheets/Critters",
            "FromFile": "assets/PinkWader.png",
            "FromArea": {
                "X": 0,
                "Y": 0,
                "Width": 320,
                "Height": 32
            },
            "ToArea": {
                "X": 0,
                "Y": 0,
                "Width": 320,
                "Height": 32
            },
            "When": {
                "Season": "Summer",
                "Day": "12, 13, 14"
            },
            "Update": "OnLocationChange"
        },
        {
            "LogName": "Pink Wader Migration part 2",
            "Action": "EditImage",
            "Target": "TileSheets/Critters",
            "FromFile": "assets/PinkWader.png",
            "FromArea": {
                "X": 0,
                "Y": 32,
                "Width": 128,
                "Height": 32
            },
            "ToArea": {
                "X": 0,
                "Y": 32,
                "Width": 128,
                "Height": 32
            },
            "When": {
                "Season": "Summer",
                "Day": "12, 13, 14"
            },
            "Update": "OnLocationChange"
        },
        {
            "LogName": "Add bird part 1",
            "Action": "EditImage",
            "Target": "TileSheets/Critters",
            "FromFile": "assets/EastScarpeBirds.png",
            "FromArea": {
                "X": 0,
                "Y": "{{birdVar}}",
                "Width": 160,
                "Height": 32
            },
            "ToArea": {
                "X": 160,
                "Y": 64,
                "Width": 160,
                "Height": 32
            },
            "When": {
                "LocationName": "Custom_EastScarpe"
            },
            "Update": "OnLocationChange"
        },
        {
            "LogName": "Add bird part 2",
            "Action": "EditImage",
            "Target": "TileSheets/Critters",
            "FromFile": "assets/EastScarpeBirds.png",
            "FromArea": {
                "X": 160,
                "Y": "{{birdVar}}",
                "Width": 128,
                "Height": 32
            },
            "ToArea": {
                "X": 0,
                "Y": 96,
                "Width": 128,
                "Height": 32
            },
            "When": {
                "LocationName": "Custom_EastScarpe"
            },
            "Update": "OnLocationChange"
        },
        {
            "LogName": "Replace crested blue bird part 1",
            "Action": "EditImage",
            "Target": "TileSheets/Critters",
            "FromFile": "assets/EastScarpeBirds.png",
            "FromArea": {
                "X": 0,
                "Y": "{{birdVar}}",
                "Width": 160,
                "Height": 32
            },
            "ToArea": {
                "X": 160,
                "Y": 128,
                "Width": 160,
                "Height": 32
            },
            "When": {
                "LocationName": "Custom_EastScarpe"
            },
            "Update": "OnLocationChange"
        },
        {
            "LogName": "Replace crested blue bird part 2",
            "Action": "EditImage",
            "Target": "TileSheets/Critters",
            "FromFile": "assets/EastScarpeBirds.png",
            "FromArea": {
                "X": 160,
                "Y": "{{birdVar}}",
                "Width": 128,
                "Height": 32
            },
            "ToArea": {
                "X": 0,
                "Y": 160,
                "Width": 128,
                "Height": 32
            },
            "When": {
                "LocationName": "Custom_EastScarpe"
            },
            "Update": "OnLocationChange"
        },
        //Loads a blank template so NPC creators can EditData in their own events without creating conflicts
        {
            "LogName": "Events for East Scarpe",
            "Action": "Load",
            "Target": "Data/Events/Custom_EastScarpe, Data/Events/Custom_ESDeepMountains, Data/Events/Custom_ESSilo, Data/Events/Custom_ESHouse1, Data/Events/Custom_ESHouse2, Data/Events/Custom_ESHouse3, Data/Events/Custom_ESHouse4, Data/Events/Custom_EastScarpeInn, Data/Events/Custom_ESOrchard, Data/Events/Custom_ESSeaCave, Data/Events/Custom_ESClearingHouse",
            "FromFile": "assets/Data/EastScarpeEvents.json"
        },
        {
            "LogName": "Events for VetHouse",
            "Action": "Load",
            "Target": "Data/Events/Custom_ESVetHouse, Data/Events/Custom_ESBirdHide, Data/Events/Custom_ESOrchardHouse ",
            "FromFile": "assets/Data/EastScarpeEvents.json"
        },
        //TileData messages
        {
            "LogName": "Location Messages",
            "Action": "Include",
            "FromFile": "assets/Data/LocationMessages.json"
        },
        // Adds warps to Herbert if he is installed
        {
            "Action": "EditMap",
            "Target": "Maps/Town",
            "FromFile": "assets/Patches/HerbertEntrance.tmx",
            "ToArea": {
                "X": 107,
                "Y": 92,
                "Width": 13,
                "Height": 6
            },
            "When": {
                "HasMod |contains=tiger.herbmapss": true,
                "HasMod |contains=FlashShifter.StardewValleyExpandedCP": false
            }
        },
        {
            "Action": "EditMap",
            "Target": "Maps/Town",
            "TextOperations": [
                {
                    "Operation": "Append",
                    "Target": [
                        "MapProperties",
                        "Warp"
                    ],
                    "Value": "119 95 Herbertsproperty 1 31",
                    "Delimiter": " "
                }
            ],
            "When": {
                "HasMod |contains=FlashShifter.StardewValleyExpandedCP": false,
                "HasMod |contains=tiger.herbmapss": true
            }
        },
        {
            "Action": "Include",
            "FromFile": "assets/Data/KayaSkin.json",
            "When": {
                "Skin": "Kaya"
            }
        },
        //Adds Door Warp to Nicer Sewer
        {
            "Action": "EditMap",
            "Target": "Maps/Custom_ESDeepDark",
            "When": {
                "HasMod": "LemurKat.CleanerSewer.CP",
                "Hearts:Krobus": "{{Range: 4,14}}"
            },
            "MapTiles": [
                {
                    "Position": {
                        "X": 25,
                        "Y": 3
                    },
                    "Layer": "Buildings",
                    "SetProperties": {
                        "Action": "LoadMap Sewer 32 40"
                        //"Warp 44 15 MonsterSaloon"
                    }
                }
            ]
        },
        {
            "Action": "EditMap",
            "Target": "Maps/Sewer",
            "When": {
                "HasMod": "LemurKat.CleanerSewer.CP",
               // "HasMod |contains=MouseyPounds.ShadowFestival": false,
                "DayEvent |contains=spirit's eve": false
            },
            "MapTiles": [
                {
                    "Position": {
                        "X": 32,
                        "Y": 39
                    },
                    "Layer": "Buildings",
                    "SetProperties": {
                        "Action": "LoadMap Custom_ESDeepDark 25 4"
                    }
                    //"Warp 1 6 MonsterSaloon"
                }
            ]
        },
        {
            "Action": "EditMap",
            "Target": "Maps/Custom_ESMeadowFarm",
            "When": {
                "PlayerName": "Isla" //"HasSeenEvent":
            },
            "MapTiles": [
                {
                    "Position": {
                        "X": 44,
                        "Y": 9
                    },
                    "Layer": "Buildings",
                    "SetProperties": {
                        "Action": "Warp 9 18 Custom_ESMeadowShed"
                    }
                }
            ]
        },
        {
            "Action": "EditMap",
            "Target": "Maps/Custom_ESDeepDark",
            "When": {
                "HasMod": "MouseyPounds.ShadowFestival",
                "DayEvent": "spirit's eve",
                "Hearts:Krobus": "{{Range: 4,14}}"
            },
            "MapTiles": [
                {
                    "Position": {
                        "X": 25,
                        "Y": 3
                    },
                    "Layer": "Buildings",
                    "SetProperties": {
                        "Action": "LoadMap Sewer 3 47"
                        //"Warp 44 15 MonsterSaloon"
                    }
                }
            ]
        },
        //East Scarpe Time based Map Edits:
        {
            "Action": "EditMap",
            "Target": "Maps/Custom_EastScarpe",
            "FromFile": "assets/Patches/VanGone.tmx",
            "ToArea": {
                "X": 28,
                "Y": 27,
                "Width": 6,
                "Height": 9
            },
            "Update": "OnTimeChange",
            "When": {
                "DayofWeek": "Tuesday",
                "Time": "{{Range: 1230, 1800}}"
            }
        },
        /*  {
            "Action": "EditMap",
            "Target": "Maps/Custom_ESOrchard",
            "FromFile": "assets/Patches/Orchard_river.tmx",
            "ToArea": {
                "X": 4,
                "Y": 0,
                "Width": 15,
                "Height": 40
            },
            "When": {
                "River": "true"
            }
        },*/
        {
            "Action": "EditMap",
            "Target": "Maps/Custom_ESOrchard",
            "FromFile": "assets/Patches/Orchard_river_NoBridge.tmx",
            "ToArea": {
                "X": 5,
                "Y": 17,
                "Width": 6,
                "Height": 3
            },
            "Update": "OnTimeChange",
            "When": {
                "Time": "{{Range: 610, 1800}}",
                "HasSeenEvent |contains=63070010": false
            }
        },
        /* {
            "Action": "EditMap",
            "Target": "Maps/Custom_ESOrchard",
            "FromFile": "assets/Patches/Orchard_quarry_NoBridge.tmx",
            "ToArea": {
                "X": 5,
                "Y": 17,
                "Width": 6,
                "Height": 3
            },
            "Update": "OnTimeChange",
            "When": {
                "River": "false",
                "Time": "{{Range: 610, 1800}}",
                "HasSeenEvent |contains=63070010": false
            }
        },*/
        {
            "LogName": "House Interior when married to Aideen",
            "Action": "EditMap",
            "Target": "Maps/Custom_ESHouse1",
            "FromFile": "assets/Patches/ESHouse1-rev.tmx",
            "FromArea": {
                "X": 0,
                "Y": 0,
                "Width": 30,
                "Height": 25
            },
            "ToArea": {
                "X": 0,
                "Y": 0,
                "Width": 30,
                "Height": 25
            },
            "When": {
                "Spouse": "Aideen"
            }
        },
        {
            "LogName": "Tristan's House Interior 1",
            "Action": "EditMap",
            "Target": "Maps/Custom_ESHouse1",
            "FromFile": "assets/Patches/TristanHouse3.tmx",
            "FromArea": {
                "X": 9,
                "Y": 0,
                "Width": 21,
                "Height": 14
            },
            "ToArea": {
                "X": 9,
                "Y": 0,
                "Width": 21,
                "Height": 14
            },
            "When": {
                "HasSeenEvent |contains=5295000": true,
                "Spouse |contains=MisterGinger, Shane": false
            }
        },
        //Adds our animal friends
        {
            "Action": "EditMap",
            "Target": "Maps/Custom_ESDeepMountains",
            "When": {
                "HasMod": "PeacefulEnd.CustomCompanions"
            },
            "MapTiles": [
                {
                    "Position": {
                        "X": 65,
                        "Y": 47
                    },
                    "Layer": "Back",
                    "SetProperties": {
                        "CustomCompanions": "Spawn 2 LemurKat.EastScarpeCompanions.VoidGoat"
                    }
                },
                {
                    "Position": {
                        "X": 70,
                        "Y": 50
                    },
                    "Layer": "Back",
                    "SetProperties": {
                        "CustomCompanions": "Spawn 1 LemurKat.EastScarpeCompanions.VoidKid"
                    }
                },
                {
                    "Position": {
                        "X": 17,
                        "Y": 42
                    },
                    "Layer": "Back",
                    "SetProperties": {
                        "CustomCompanions": "Spawn 1 LemurKat.EastScarpeCompanions.VoidGoat"
                    }
                },
                {
                    "Position": {
                        "X": 19,
                        "Y": 42
                    },
                    "Layer": "Back",
                    "SetProperties": {
                        "CustomCompanions": "Spawn 2 LemurKat.EastScarpeCompanions.VoidKid"
                    }
                },
                {
                    "Position": {
                        "X": 40,
                        "Y": 38
                    },
                    "Layer": "Back",
                    "SetProperties": {
                        "CustomCompanions": "Spawn 1 LemurKat.EastScarpeCompanions.VoidBilly"
                    }
                },
                {
                    "Position": {
                        "X": 37,
                        "Y": 33
                    },
                    "Layer": "Back",
                    "SetProperties": {
                        "CustomCompanions": "Spawn 1 LemurKat.EastScarpeCompanions.VoidGoat"
                    }
                }
            ]
        },
        {
            "Action": "EditMap",
            "Target": "Maps/Custom_EastScarpe",
            "Update": "OnLocationChange",
            "When": {
                "HasMod": "PeacefulEnd.CustomCompanions",
                "HasSeenEvent": "57879902",
                "Time": "{{Range: 1700, 2100}}"
            },
            "MapTiles": [
                {
                    "Position": {
                        "X": 15,
                        "Y": 116
                    },
                    "Layer": "Back",
                    "SetProperties": {
                        "CustomCompanions": "Spawn 2 LemurKat.EastScarpeCompanions.Fairy_Penguin"
                    }
                }
                /*  {
                    "Position": {
                        "X": 16,
                        "Y": 117
                    },
                    "Layer": "Back",
                    "SetProperties": {
                        "CustomCompanions": "Spawn 1 LemurKat.EastScarpeCompanions.Fairy_Penguin_Chick"
                    }
                }*/
            ]
        },
        {
            "Action": "EditMap",
            "Target": "Maps/Custom_EastScarpe",
            "Update": "OnLocationChange",
            "When": {
                "HasMod": "PeacefulEnd.CustomCompanions",
                "Hearts:DuckNPC": "10",
                "Hearts:Duck2NPC": "10",
                "Season": "spring",
                "Time": "{{Range: 800, 1700}}"
            },
            "MapTiles": [
                {
                    "Position": {
                        "X": 26,
                        "Y": 66
                    },
                    "Layer": "Back",
                    "SetProperties": {
                        "CustomCompanions": "Spawn 3 LemurKat.EastScarpeCompanions.Emperor_Duckling_Swim"
                    }
                }
            ]
        },
        {
            "Action": "EditMap",
            "Target": "Maps/Custom_EastScarpe",
            "Update": "OnLocationChange",
            "When": {
                "HasMod": "PeacefulEnd.CustomCompanions",
                "Hearts:DuckNPC": "10",
                "Hearts:Duck2NPC": "10",
                "Season": "spring",
                "Time": "{{Range: 1700, 2100}}"
            },
            "MapTiles": [
                {
                    "Position": {
                        "X": 21,
                        "Y": 63
                    },
                    "Layer": "Back",
                    "SetProperties": {
                        "CustomCompanions": "Spawn 3 LemurKat.EastScarpeCompanions.Emperor_Duckling"
                    }
                }
            ]
        },
        /* //Adds trapdoor to Mine
        {   "Action": "EditMap",
            "Target": "Maps/Mine",
            "FromFile": "assets/trapdoor.tmx",
            "ToArea": { "X": 45,  "Y": 13,
                    "Width": 1, "Height": 1
                         }
            }*/
        { //sets up Luma's door warp
            "Action": "EditMap",
            "Target": "Maps/Custom_ESOrchard",
            "MapTiles": [
                {
                    "Position": {
                        "X": 38,
                        "Y": 12
                    },
                    "Layer": "Buildings",
                    "SetProperties": {
                        "Action": "Warp 13 21 Custom_ESLumaHut"
                    }
                }
            ],
            "When": {
                "HasMod": "Pillow.Luma"
            }
        },
        { // Adds NPC Map Locations
            "Action": "Include",
            "FromFile": "assets/Data/NPCMapLocations.json",
            "When": {
                "HasMod": "Bouhm.NPCMapLocations"
            }
        },
          //Stardew Valley Expanded
          {
            "Action": "Include",
            "FromFile": "assets/Data/SVE.json",
            "When": {
                "HasMod": "FlashShifter.StardewValleyExpandedCP"
            }
        },
    ]
}