{
	"Tue": "610 Custom_ESVetHouse 34 14 3/650 Custom_ESVetHouse 31 13 2/700 Custom_EastScarpe 40 40 2/730 Town 101 95 3 \"Strings\\schedules\\Jacob:tuesday.000\"/930 Custom_EastScarpe 33 32 2/1140 Custom_ES_VetAwayWarp 5 5 0/1810 Custom_ESVetHouse 31 5 0/2200 Custom_ESVetHouse 22 4",
	"rain": "GOTO spring",
	"winter_17": "610 Custom_ESVetHouse 34 14 3/650 Custom_ESVetHouse 31 14 2/730 Town 101 95 3 \"Strings\\schedules\\Jacob:tuesday.001\"/1000 Custom_EastScarpe 19 15 0/1410 Town 101 95/1620 Beach 45 23 2 \"Strings\\schedules\\Jacob:winter_17.000\"/2100 Custom_ESVetHouse 22 4 2",
	"Wed": "610 Custom_ESVetHouse 34 14 3/650 Custom_ESVetHouse 31 13 2/700 Custom_EastScarpe 40 40 2/730 Town 101 95 3 \"Strings\\schedules\\Jacob:tuesday.001\"/1000 Custom_EastScarpe 19 15 0/1620 Custom_EastScarpe 19 67 1/1800 Custom_ESVetHouse 23 15 0/2000 Custom_ESVetHouse 31 5 0/2200 Custom_ESVetHouse 22 4",
	"Fri": "610 Custom_ESVetHouse 31 13 2/700 Custom_EastScarpe 40 40 2/730 Town 101 95 3 \"Strings\\schedules\\Jacob:tuesday.001\"/1000 Forest 26 13 0 \"Strings\\schedules\\Jacob:friday.001/1300 AnimalShop 13 16 0 \"Strings\\schedules\\Jacob:friday.002\"/1500 Town 101 95 3/1620 Custom_EastScarpe 19 67 1/1800 Custom_ESVetHouse 23 15 0/2000 Custom_ESVetHouse 31 5 0/2200 Custom_ESVetHouse 22 4",
	"Sat": "700 Custom_ESVetHouse 34 14 3/900 Custom_EastScarpe 19 15 0/1100 Custom_EastScarpe 33 97 2 \"Strings\\schedules\\Jacob:saturday.001\"/1350 Town 55 72 0/1740 Custom_EastScarpe 40 40 2/1950 Custom_ESVetHouse 23 15 0/2100 Custom_ESVetHouse 22 4 2",
	"Thu": "700 Custom_ESVetHouse 34 14 3/800 Custom_ESHouse1 5 12 3/1000 Custom_EastScarpe 25 9 0/1200 Custom_EastScarpe 27 36 2/1300 Custom_EastScarpe 54 88 2/1800 Custom_ESVetHouse 31 5 0/2200 Custom_ESVetHouse 22 4",
	"fall_Fri": "700 Custom_ESVetHouse 34 14 3/800 Custom_ESHouse1 5 12 3/1000 Custom_EastScarpe 25 9 0/1200 Custom_EastScarpe 27 36 2/1300 Custom_EastScarpe 54 88 2/1800 Custom_ESVetHouse 31 5 0/2200 Custom_ESVetHouse 22 4",
	"Sun": "700 Custom_ESVetHouse 34 14 3/900 Custom_EastScarpe 19 15 0/1000 Custom_EastScarpe 25 9 0/1200 Custom_EastScarpe 27 36/1300 Custom_EastScarpe 54 88 2/1800 Custom_ESVetHouse 31 5 0/2200 Custom_ESVetHouse 22 4",
	"spring": "700 Custom_ESVetHouse 34 14 3/900 Custom_EastScarpe 19 15 0/1200 Custom_ESVetHouse 5 23 2/1400 Custom_ESVetHouse 8 23 0/1600 Custom_ESVetHouse 23 15 0/1700 Custom_ESVetHouse 31 5 0/2200 Custom_ESVetHouse 22 4"
}