{
	"Name": "Golden Trout",
	"Description": "A trout adapted to mountainous streams.",
	"Category": "Fish",
	"Edibility": 20,
	"EdibleIsDrink": false,
	"EdibleBuffs": null,
	"Price": 110,
	"IsColored": false,
	"GiftTastes":
	{
		"Love": ["Eyvinder","MisterGinger", "Kent"],
		"Like": ["Willy"]
	},
	"NameLocalization":
	{
		/*to be added in*/
		"ko": "황금빛 송어"
	},
	"DescriptionLocalization":
	{
		/*to be added in*/
		"ko": "산에서 흐르는 개울가에서 서식하는 송어입니다."
	},
	"CategoryLocalization":
	{
		/*to be added in*/
		"ko": "물고기"
	}
}