{
    "Mon": "From the surface, you come, yes?...#$b#Tell me... The people there, do they fear me still?",
    "Mon4": "I miss the fruits of the land. Fruits of sea... they do not taste as sweet.",
    "Mon8": "Friend Gull comes visit, he bring news. He's a big gossip!#$b#Talk tales of island of fire, and a funny boy who thinks he is a parrot!$1#$b#Friend Gull has a big imagination!$3",
    "winter_Mon4": "Sometimes I sing to the rock crabs. But they do not like my song.",
    "summer_Mon": "Today I am happy! Dolphins come visit to swim, and tell tales of faraway places!",
    //Tue
    "Tue": "My plants, I water them, feed them... Sing.#$b#Still they die...$2",
    "Tue6": "I see children playing on the beach. I want to play too. But cannot.#$b#The little ones, sometimes they are okay... but their parents? They are scared of me.$2",
    "summer_Tue10": "Summer is a nice time. People come, play in water.$1#$b#I watch the little ones. Worry for those that cannot swim well, that the nasty current will take them.",
    //Wed
    "Wed": "Do you hear the song of the sea?#$b#She is lonely. Like me.$2",
    "summer_Wed4": "Last night, I hear whale singing. His song deep, beautiful but sad.#$b#He's look for mate. Sometimes I sing too. Maybe one day, I'll find a good friend to share my home?$1",
    "Wed8": "Sometimes the ocean gives me gifts. I share this one with you. [169 166 116 152 170 372 392 393 394 397]",
    //Thu
    "Thu": "I find things. Build them. Create.#$b#It makes me happy... I think?",
    "Thu8": "Today, see little girl finding shells on beach. She sees me... Not scream! No!#$b#She looks at me and says, who are you? Not what: who!$1",
    //Fri
    "Fri": "If you see my mother, can you tell her I love her?#$b#Please come visit again soon, yes?",
    "Fri4": "Mother, she taught me to read. Books are like an adventure.#$b#But sad too. I am not able to see wonders! I must stay here, eat fish.$2 ",
    "Fri8": "Some day I think maybe I'll write a story of own. Story of orphan, cast up on beach.#$b#Will it have a happy ending, you think? Or sad?#$b#Perhaps one day I know.",
    "summer_Fri4": "Do you like frozen cream in cone? It is my favorite. What flavor? All of the flavors!%revealtasteLexi233",
    "winter_Fri6": "Will you tell me a story, @? Mother told stories.#$b#There were brave women who climbed mountains or flew like birds!$1#$b#They had big lives. Not small lives, like me.",
    //Sat
    "Sat": "The crabs and the shells, they are my friends.#$b#Will you be... friend too?",
    "Sat4": "The ocean gives many gift! You want to trade for gifts from bountiful earth?",
    "Sat8": "Once watch moving pictures - deeveedee - with Mother. About a little mermaid, who walked on land.#$b#She made friends with pretty man. I wonder, could such a story be a truth? No... I not think so, either.$2",
    "winter_Sat": "It's too cold to swim now, water icy. All my fish-friends swim away, to warm places far, far away.",
    //Sun
    "Sun": "After storm, ocean brings me bounty.#$b#I found a bottle once... inside it... secrets. No, I will never tell. They are mine.",
    "Sun8": "Ocean, she hides many secrets. One day, perhaps, she shall share some with you?",
    "winter_Sun": "You came to see me, even though water is very cold!#$b#Here, this will warm you up, yes? [456 457]",
    // N E W   D I A L O G U E
    "Tue10": "$1 Lexi_FriendGullStory#You want to know how I met friend Gull? I find him on beach, tangled in net. Helped him free.#$e#Friend Gull's been my best friend, many years now. But it's good to have other friends.$3#$b#Friend Gull's stories get same-same after a while. He is always brag, brag, brag!$1",
    //"Thu10": "",
}