{
	"Changes": [
		{
			"LogName": "NPC Manifestation",
			"Action": "EditData",
			"Target": "Data/NPCDispositions",
			"Entries": {
				"Leximonster": "teen/neutral/shy/neutral/undefined/not-datable/null/Other//Jessie 'mother'/Custom_ESSeaCave 33 5/{{i18n:Name.Lexi}}"
			}
		},
		{
			"LogName": "NPC Manifestation - gives Lexi a birthday",
			"Action": "EditData",
			"Target": "Data/NPCDispositions",
			"Fields": {
				"Leximonster": {
					"8": "summer 12"
				}
			},
			"When": {
				"HasSeenEvent": "57872004"
			}
		},
		{
			"LogName": "Gift tastes",
			"Action": "EditData",
			"Target": "Data/NPCGiftTastes",
			"Entries": {
				"Leximonster": "{{i18n:gifts.lexi.love}}/254 233 220 604/{{i18n:gifts.lexi.like}}/103 203 -74 -7 -79 -80 459/{{i18n:gifts.lexi.dislike}}/-15/{{i18n:gifts.lexi.hate}}/-26/{{i18n:gifts.lexi.neutral}}/-4/"
			}
		},
		{
			"LogName": "Lexi Antisocial flag",
			"Action": "EditData",
			"Target": "Data/AntiSocialNPCs",
			"Entries": {
				"Leximonster": true
			},
			"When": {
				"HasSeenEvent |contains=57872004": false
			}
		},
		{
			"LogName": "LexiPortraits",
			"Action": "Load",
			"Target": "Portraits/Leximonster",
			"FromFile": "assets/Portraits/Lexi/Lexi_portrait.png"
		},
		{
			"LogName": "Lexi Sprites",
			"Action": "Load",
			"Target": "Characters/Leximonster",
			"FromFile": "assets/Characters/Lexi/seamonster.png"
		},
		{
			"LogName": "Dialogue",
			"Action": "Load",
			"Target": "Characters/Dialogue/Leximonster",
			"FromFile": "assets/Characters/Dialogue/Lexi/dialogue.json"
		},
		/*{
	"LogName": "Schedule Dialogue", 
	"Action": "Load",
	"Target": "Strings/schedules/Leximonster",
	"FromFile": "assets/Lexi/ScheduleDialogue.json"
		},*/
		{
			"LogName": "Schedule",
			"Action": "Load",
			"Target": "Characters/schedules/Leximonster",
			"FromFile": "assets/Characters/schedules/Lexi/schedule.json"
		},
		{ //	Vincent sees Lexi
			"Action": "EditData",
			"Target": "Data/Events/Beach",
			"Entries": {
				"57872000/p Vincent/t 1600 1900": "continue/38 25/farmer 38 17 2 Vincent 45 24 2/skippable/move farmer 0 7 2/faceDirection Vincent 3/jump Vincent 5/pause 500/speed Vincent 5/move Vincent -6 0 3/speak Vincent \"{{i18n:57872000.01}}\"/faceDirection farmer 1/emote farmer 8/jump Vincent 5/textAboveHead Vincent \"{{i18n:57872000.02}}\"/speak Vincent \"{{i18n:57872000.03}}\"/jump Vincent 4/speak Vincent \"{{i18n:57872000.04}}\"/quickQuestion #{{i18n:57872000.05}}#{{i18n:57872000.06}}#{{i18n:57872000.07}}#{{i18n:57872000.08}}(break)speak Vincent \"{{i18n:57872000.09}}\"(break)jump Vincent 4\\textAboveHead Vincent \"{{i18n:57872000.10}}\"\\speak Vincent \"{{i18n:57872000.11}}\"(break)emote Vincent 32\\speak Vincent \"{{i18n:57872000.12}}\"(break)emote Vincent 12\\speak Vincent \"{{i18n:57872000.13}}\"/pause 500/faceDirection Vincent 2/pause 500/faceDirection farmer 2/speak Vincent \"{{i18n:57872000.14}}\"/speed Vincent 5/move Vincent 3 0 2/faceDirection Vincent 3/faceDirection farmer 1/textAboveHead Vincent \"{{i18n:57872000.15}}\"/pause 500/emote farmer 28/pause 1000/end"
				//"57872001/e 57872000/e 6398004/p Vincent/p Jessie/t 1600 1900":"continue/38 25/farmer 38 17 2 Vincent 45 24 1 Jessie 46 24 3/skippable/"
			}
		},
		{
			"LogName": "Dead plant actor",
			"Action": "Load",
			"Target": "Characters/LexiDeadPlant",
			"FromFile": "assets/Images/deadplant.png",
			"When": {
				"HasSeenEvent |contains=57872005": false
			}
		},
		{
			"LogName": "Lexi's gull friend",
			"Action": "Load",
			"Target": "Characters/LexiFriendGull",
			"FromFile": "assets/Images/FriendGull.png"
		},
		{
			"LogName": "Lexi's gull friend",
			"Action": "Load",
			"Target": "Characters/RockCrabMenace",
			"FromFile": "assets/Images/RockCrab.png"
		},
		{
			"LogName": "Mona Sprites",
			"Action": "Load",
			"Target": "Characters/MonaSwimsuit",
			"FromFile": "assets/images/Mona_swimsuit.png"
		},
		{
			"LogName": "child Lexi Sprites",
			"Action": "Load",
			"Target": "Characters/LexiChild",
			"FromFile": "assets/Characters/Lexi/Lexi_Child.png"
		},
		{
			"LogName": "Lexi map",
			"Action": "Load",
			"Target": "Maps/Beach_LexiMemory",
			"FromFile": "assets/Maps/Beach_LexiMemory.tmx"
		},
		{ //Lexi Events
			"Action": "EditData",
			"Target": "Characters/Dialogue/Leximonster",
			"Entries": {
				"CT_57872004": "{{i18n:57872004.14}}",
				"CT_57872021": "{{i18n:57872021.33}}"
			}
		},
		{ //Lexi Events
			"Action": "EditData",
			"Target": "Characters/Dialogue/OliverK",
			"Entries": {
				"CT_57872012": "{{i18n:57872012.25}}"
			}
		},
		{ //Lexi Events
			"Action": "EditData",
			"Target": "Data/Events/Custom_ESSeaCave",
			"Entries": {
				"57872004/p Leximonster": "none/-100 -100/farmer 18 15 0 Leximonster 18 8 0/skippable/addConversationTopic CT_57872004 1/swimming farmer/playSound waterSlosh/viewport 18 11/move farmer 0 -4 0/emote Leximonster 8/faceDirection Leximonster 2/jump Leximonster 5/textAboveHead Leximonster \"{{i18n:57872004.01}}\"/speed Leximonster 3/move Leximonster 0 -4 2/shake Leximonster 240/move farmer 0 -1 0/stopSwimming farmer/emote farmer 56/pause 500/move Leximonster 0 1 2/speak Leximonster \"{{i18n:57872004.02}}\"/quickQuestion #{{i18n:57872004.03}}#{{i18n:57872004.04}}#{{i18n:57872004.05}}(break)speak Leximonster \"{{i18n:57872004.06}}\"(break)speak Leximonster \"{{i18n:57872004.07}}\"(break)speak Leximonster \"{{i18n:57872004.08}}\"/pause 500/move farmer 0 -1 0 true/move Leximonster 0 1 2 true/speak Leximonster \"{{i18n:57872004.09}}\"/pause 500/emote farmer 40/quickQuestion #{{i18n:57872004.10}}#{{i18n:57872004.11}}(break)speak Leximonster \"{{i18n:57872004.12}}\"(break)addMailReceived LexiNoneBusiness\\speak Leximonster \"{{i18n:57872004.13}}\"/emote farmer 32/emote Leximonster 20/pause 1000/swimming farmer/end position 19 32",
				"57872005/p Leximonster/f Leximonster 500": "desolate/23 6/Leximonster 24 7 3 farmer 18 8 1/stopSwimming farmer/addTemporaryActor LexiDeadPlant 16 32 23 7 2 false/skippable/move farmer 4 0 1 true/emote Leximonster 28/pause 1000/speak Leximonster \"{{i18n:57872005.01}}\"/move farmer 0 -1 1/pause 500/speak Leximonster \"{{i18n:57872005.02}}\"/pause 500/quickQuestion #{{i18n:57872005.03}}#{{i18n:57872005.04}}#{{i18n:57872005.05}}(break)speak Leximonster \"{{i18n:57872005.06}}\"(break)speak Leximonster \"{{i18n:57872005.07}}\"(break)speak Leximonster \"{{i18n:57872005.08}}\"/pause 500/faceDirection Leximonster 1/pause 500/faceDirection Leximonster 3/speak Leximonster \"{{i18n:57872005.09}}\"/emote Leximonster 40/pause 1000/speak Leximonster \"{{i18n:57872005.10}}\"/pause 1000/fade/viewport -100 -100/swimming farmer/end position 19 32",
				"57872007/p Leximonster/f Leximonster 1000/d Mon Tue Wed Thu Fri Sun": "ocean/-100 -100/Leximonster 21 7 3 farmer 18 15 0/skippable/addTemporaryActor LexiFriendGull 16 16 19 7 1 false/skippable/swimming farmer/viewport 18 11/pause 1000/speak Leximonster \"{{i18n:57872007.01}}\"/playSound seagulls/jump LexiFriendGull 1/addObject 20 7 797/jump Leximonster 3/emote Leximonster 20/speak Leximonster \"{{i18n:57872007.02}}\"/playSound waterSlosh/move farmer 0 -4 0/removeSprite 20 7/jump LexiFriendGull 3/faceDirection LexiFriendGull 2/playSound seagulls/move Leximonster 0 1 3/speak Leximonster \"{{i18n:57872007.03}}\"/stopSwimming farmer/move farmer 0 -3 1/playSound seagulls/emote LexiFriendGull 12/speak Leximonster \"{{i18n:57872007.04}}{{LexiNameForYou}}.#$b#{{i18n:57872007.041}}\"/playSound seagulls/speak Leximonster \"{{i18n:57872007.05}}\"/move LexiFriendGull 0 1 3/emote LexiFriendGull 12/pause 1000/move LexiFriendGull 0 4 0/animate LexiFriendGull false true 1000 18 19/move Leximonster -1 0 3/speak Leximonster \"{{i18n:57872007.06}}\"/emote farmer 32/pause 1000/speak Leximonster \"{{i18n:57872007.07}}\"/playSound reward/message \"{{i18n:57872007.08}}\"/pause 1000/emote farmer 32/pause 1000/fade/viewport -100 -100/swimming farmer/end position 19 32",
				"57872012/e 57872011/d Tue Wed Thu/t 0800 1100": "ocean/-100 -100/OliverK 28 19 0 Leximonster 34 21 3 farmer 19 31 0/skippable/addConversationTopic CT_57872012 1/swimming farmer/pause 2000/playSound stairsdown/Viewport 26 21/pause 1500/faceDirection OliverK 3/pause 500/faceDirection OliverK 1/pause 500/faceDirection OliverK 2/textAboveHead OliverK \"{{i18n:57872012.01}}\"/pause 1000/move OliverK 0 2 3/textAboveHead OliverK \"{{i18n:57872012.02}}\"/move Leximonster -5 0 3 true/pause 500/textAboveHead OliverK \"{{i18n:57872012.03}}\"/pause 1000/textAboveHead Leximonster \"{{i18n:57872012.04}}\"/emote OliverK 16/jump OliverK/faceDirection OliverK 1/jump Leximonster 5/move Leximonster 1 0 3/move farmer 0 -9 1 true/speak OliverK \"{{i18n:57872012.05}}\"/emote Leximonster 28/pause 1000/speak Leximonster \"{{i18n:57872012.06}}\"/speak OliverK \"{{i18n:57872012.07}}\"/emote Leximonster 60/pause 1000/speak OliverK \"{{i18n:57872012.08}}\"/jump Leximonster 3/speak Leximonster \"{{i18n:57872012.09}}\"/move OliverK 1 0 1/playSound coin/speak Leximonster \"{{i18n:57872012.10}}\"/move Leximonster 0 1 2/emote Leximonster 40/pause 1000/speak Leximonster \"{{i18n:57872012.11}}\"/faceDirection OliverK 2/speak OliverK \"{{i18n:57872012.12}}\"/speak Leximonster \"{{i18n:57872012.13}}\"/pause 1000/playSound waterSlosh/move farmer 4 0 1 true/emote OliverK 8/pause 1000/faceDirection OliverK 3/faceDirection Leximonster 3/pause 1000/move farmer 1 0 1/stopSwimming farmer/move farmer 1 0 1/speak Leximonster \"{{i18n:57872012.14}}\"/emote farmer 60/speak OliverK \"{{i18n:57872012.15}}\"/emote farmer 40/quickQuestion #{{i18n:57872012.16}}#{{i18n:57872012.17}}#{{i18n:57872012.18}}(break)emote OliverK 32\\faceDirection OliverK 2\\faceDirection Leximonster 0\\speak OliverK \"{{i18n:57872012.19}}\"(break)emote OliverK 40\\faceDirection OliverK 2\\faceDirection Leximonster 0\\speak OliverK \"{{i18n:57872012.20}}\"(break)friendship OliverK -50\\emote OliverK 12\\faceDirection OliverK 2\\faceDirection Leximonster 0\\speak OliverK \"{{i18n:57872012.21}}\"/emote Leximonster 20/speak Leximonster \"{{i18n:57872012.22}}\"/emote OliverK 32/pause 1000/speak OliverK \"{{i18n:57872012.23}}\"/faceDirection OliverK 3/pause 500/speak OliverK \"{{i18n:57872012.24}}\"/emote farmer 32/faceDirection OliverK 2/emote Leximonster 20/pause 1000/swimming farmer/end position 19 32",
				"57872019/k 57872020/e 57873018": "ocean/-100 -100/Leximonster 30 21 2 OliverK 28 19 0 farmer -50 -50 0/skippable/addTemporaryActor LexiFriendGull 16 16 28 23 1 false/pause 2000/playSound stairsdown/pause 2000/Viewport 26 21/faceDirection OliverK 2/speak Leximonster \"{{i18n:57872019.01}}\"/emote LexiFriendGull 12/move LexiFriendGull 0 -2 0/playSound seagulls/jump Leximonster 2/faceDirection Leximonster 0/textAboveHead OliverK \"{{i18n:57872019.02}}\"/speak Leximonster \"{{i18n:57872019.03}}\"/emote LexiFriendGull 12/faceDirection LexiFriendGull 3/pause 1000/move Leximonster -1 0 3/speak Leximonster \"{{i18n:57872019.04}}\"/faceDirection LexiFriendGull 1/emote Leximonster 56/pause 1000/emote LexiFriendGull 20/pause 1000/faceDirection Leximonster 0/speak Leximonster \"{{i18n:57872019.05}}\"/pause 500/showFrame OliverK 19/pause 500/emote OliverK 28/pause 2000/speak Leximonster \"{{i18n:57872019.06}}\"/textAboveHead OliverK \"{{i18n:57872019.07}}\"/speak OliverK \"{{i18n:57872019.08}}\"/faceDirection LexiFriendGull 1/playSound seagulls/faceDirection Leximonster 3/textAboveHead Leximonster \"{{i18n:57872019.09}}\"/faceDirection LexiFriendGull 3/emote LexiFriendGull 40/faceDirection Leximonster 0/emote Leximonster 8/showFrame OliverK 0/speak OliverK \"{{i18n:57872019.10}}\"/emote Leximonster 20/speak Leximonster \"{{i18n:57872019.11}}\"/speak OliverK \"{{i18n:57872019.12}}\"/textAboveHead Leximonster \"{{i18n:57872019.13}}\"/faceDirection Leximonster 2/faceDirection LexiFriendGull 1/pause 1000/speak Leximonster \"{{i18n:57872019.14}}\"/textAboveHead OliverK \"{{i18n:57872019.15}}\"/move OliverK 0 1 2/faceDirection LexiFriendGull 0/pause 1000/emote LexiFriendGull 12/move LexiFriendGull -1 0 1/move OliverK 0 2 1/speak OliverK \"{{i18n:57872019.16}}\"/faceDirection OliverK 2/speak OliverK \"{{i18n:57872019.17}}\"/faceDirection Leximonster 3/faceDirection OliverK 1/emote Leximonster 8/pause 1000/faceDirection OliverK 2/faceDirection Leximonster 2/speak OliverK \"{{i18n:57872019.18}}\"/jump Leximonster 2/speak Leximonster \"{{i18n:57872019.19}}\"/pause 1000/textAboveHead OliverK \"{{i18n:57872019.20}}\"/speak OliverK \"{{i18n:57872019.21}}\"/pause 1000/emote OliverK 28/faceDirection OliverK 3/speak OliverK \"{{i18n:57872019.22}}\"/jump LexiFriendGull 5/emote LexiFriendGull 12/playSound seagulls/speak OliverK \"{{i18n:57872019.23}}\"/faceDirection Leximonster 3/speak Leximonster \"{{i18n:57872019.24}}\"/faceDirection OliverK 1/speak OliverK \"{{i18n:57872019.25}}\"/speak Leximonster \"{{i18n:57872019.26}}\"/pause 1000/showFrame OliverK 19/speak OliverK \"{{i18n:57872019.27}}\"/pause 1000/emote OliverK 28/pause 2000/end position 19 32",
				"57872021/f JosephineK 2400/f OliverK 2000/e 57873021/e 57872011/d Mon Tue/t 1000 1800": "ocean/25 22/Leximonster 30 24 0 OliverK 29 21 2 farmer 19 32 0/addTemporaryActor LexiFriendGull 16 16 26 20 3 false/showframe LexiFriendGull 28/skippable/addConversationTopic CT_57872021 1/pause 1000/swimming farmer/textAboveHead Leximonster \"{{i18n:57872021.01}}\"/speak OliverK \"{{i18n:57872021.02}}\"/speak Leximonster \"{{i18n:57872021.03}}\"/speak OliverK \"{{i18n:57872021.04}}\"/speak Leximonster \"{{i18n:57872021.05}}\"/speak OliverK \"{{i18n:57872021.06}}\"/textAboveHead Leximonster \"{{i18n:57872021.07}}\"/speak Leximonster \"{{i18n:57872021.08}}\"/stopMusic/move OliverK -1 0 3/playMusic desolate/speak OliverK \"{{i18n:57872021.09}}\"/speak Leximonster \"{{i18n:57872021.10}}\"/move Leximonster -2 0 0/move Leximonster 0 -2 0 true/faceDirection OliverK 2/speak OliverK \"{{i18n:57872021.11}}\"/move Leximonster -1 0 1/pause 500/move OliverK 0 1 3/speak Leximonster \"{{i18n:57872021.12}}\"/speak OliverK \"{{i18n:57872021.13}}\"/speak Leximonster \"{{i18n:57872021.14}}\"/speak OliverK \"{{i18n:57872021.15}}\"/speak Leximonster \"{{i18n:57872021.16}}\"/speak OliverK \"{{i18n:57872021.17}}\"/shake Leximonster 1000/speak Leximonster \"{{i18n:57872021.18}}\"/showFrame LexiFriendGull 25/move Leximonster -5 0 2 true/pause 500/animate LexiFriendGull false false 500 28 29/faceDirection LexiFriendGull 3/jump LexiFriendGull 3/emote LexiFriendGull 16/playSound dropItemInWater/swimming Leximonster/move Leximonster -4 0 0/move OliverK -5 0 3/textAboveHead OliverK \"{{i18n:57872021.19}}\"/pause 1000/warp Leximonster -100 -100/playSound seagulls/faceDirection OliverK 1/speak OliverK \"{{i18n:57872021.20}}\"/emote LexiFriendGull 12/move OliverK 3 0 1/move farmer 0 -10 0/faceDirection OliverK 3/textAboveHead OliverK \"{{i18n:57872021.21}}\"/move farmer 3 0 1/stopSwimming farmer/move farmer 2 0 1/speak OliverK \"{{i18n:57872021.22}}\"/emote farmer 8/pause 1000/speak OliverK \"{{i18n:57872021.23}}\"/pause 500/quickQuestion #{{i18n:57872021.24}}#{{i18n:57872021.25}}#{{i18n:57872021.26}}(break)speak OliverK \"{{i18n:57872021.27}}\"(break)speak OliverK \"{{i18n:57872021.28}}\"(break)emote OliverK 12\\speak OliverK \"{{i18n:57872021.29}}\"/pause 500/speak OliverK \"{{i18n:57872021.30}}\"/jump farmer 3/emote farmer 16/jump OliverK 3/speak OliverK \"{{i18n:57872021.31}}\"/faceDirection OliverK 0/pause 1000/emote OliverK 40/pause 1000/speak OliverK \"{{i18n:57872021.32}}\"/emote farmer 32/pause 3000/viewport -100 -100/swimming farmer/end position 19 32",
				//emote Leximonster 40/faceDirection Leximonster 1/pause 1000/speak Leximonster \"But have nothing to exchange for...$2\"/speak OliverK \"That's okay! They're a gift.$1\"/speak Leximonster \"I know this, yes. But still... want to give something nice when people do nice things for me.\"/faceDirection Leximonster 3/speak Leximonster \"I know! Come back to see me again, yes, and I give you something.\"/pause 2000/end"
				//speak LKKataryna \"And who are you, to interrupt a private conversation?\"/pause 1000/quickQuestion #I'm their friend!#Just an interfering passerby.#Conversation? Sounded more like you're bullying our villagers.(break)pause 1000\\emote LKKataryna 40\\pause 1000\\speak LKKataryna \"Ah. So you're friends with this\"(break)speak LKKataryna \"  
			}
		},
		{
			"Action": "EditData",
			"Target": "Data/Events/Custom_EastScarpe",
			"Entries": {
				"57872008/p OliverK/f OliverK 1000/e 57872007/t 1300 1800": "ocean/15 112/OliverK -100 -100 2 Leximonster -100 -100 0 farmer -100 -100 2/skippable/addTemporaryActor LexiFriendGull 16 16 18 112 1 false/addTemporaryActor RockCrabMenace 16 24 22 112 2 false/move LexiFriendGull 2 0 1/animate LexiFriendGull false false 200 26 27 26 27 26 27/faceDirection LexiFriendGull 3/shake RockCrabMenace 100/move LexiFriendGull -2 0 3/animate LexiFriendGull false false 200 20 21 20 21 20 21/move RockCrabMenace -2 0 3 true/pause 1000/emote LexiFriendGull 16/pause 1000/showFrame RockCrabMenace 0/showFrame LexiFriendGull 22/pause 2000/move LexiFriendGull -4 0 3 true/move RockCrabMenace -4 0 3 true/emote LexiFriendGull 16/pause 1000/showFrame RockCrabMenace 0/showFrame LexiFriendGull 22/pause 2000/faceDirection LexiFriendGull 3/animate LexiFriendGull false false 200 20 21 20 21 20 21/pause 1000/move RockCrabMenace -1 0 1/playSound seagulls/showFrame LexiFriendGull 24/pause 50/emote LexiFriendGull 16/jump LexiFriendGull/move LexiFriendGull -2 0 0/speed LexiFriendGull 5/move LexiFriendGull 0 -2 3/showFrame RockCrabMenace 0/speed LexiFriendGull 4/move LexiFriendGull -2 0 0/showFrame LexiFriendGull 25/shake LexiFriendGull 500/pause 2000/fade/viewport -100 -100/warp OliverK 13 106/viewport 15 112/move OliverK 0 4 2/playSound seagulls/jump OliverK 5/faceDirection OliverK 3/pause 500/textAboveHead OliverK \"{{i18n:57872008.01}}\"/move OliverK -2 0 3/shake LexiFriendGull 500/speak OliverK \"{{i18n:57872008.02}}\"/pause 500/move RockCrabMenace 10 0 0 true/playSound seagulls/speak OliverK \"{{i18n:57872008.03}}\"/playSound seagulls/positionOffset OliverK -16 0 3/faceDirection LexiFriendGull 1/pause 1000/viewport move 2 1 10000/pause 15000/showFrame Leximonster 20/warp Leximonster 38 126/animate Leximonster false false 550 20 21 22 23/animate Leximonster false false 24000 23/textAboveHead Leximonster \"{{i18n:57872008.04}}\"/pause 2000/end",
				"57872009/e 57872008": "{{season}}_day_ambient/15 73/OliverK 15 76 0 farmer 9 72 1 Eloise 19 67 1 Leximonster -100 -100 1 Jacob -100 -100 2/skippable/addTemporaryActor LexiFriendGull 16 16 -100 -100 1 false/changeSprite OliverK gull/move farmer 5 0 1 true/move OliverK 0 -5 0 true/emote farmer 56/pause 2000/jump OliverK 2/showFrame OliverK 16/faceDirection Eloise 3/speak OliverK \"{{i18n:57872009.01}}\"/emote Eloise 16/speed Eloise 5/advancedMove Eloise false 0 5 -3 0/speak OliverK \"{{i18n:57872009.02}}\"/playSound seagulls/question fork1 \"{{i18n:57872009.03}}#{{i18n:57872009.04}}#{{i18n:57872009.05}}#\"/fork Oliver_Leave/pause 500/addConversationTopic OliverHelpsFriendGull 7/emote OliverK 32/pause 500/textAboveHead Eloise \"{{i18n:57872009.06}}\"/faceDirection farmer 0 true/faceDirection OliverK 0 true/faceDirection Eloise 0 true/fade/viewport -1000 -1000/changeLocation Custom_ESVetHouse/viewport -1000 -1000/warp Jacob 4 10 true/warp OliverK 5 11 true/warp Eloise 2 12 true/warp farmer 3 14 true/warp LexiFriendGull 4 11 true/positionOffset LexiFriendGull 0 20/showFrame LexiFriendGull 25/faceDirection OliverK 3/faceDirection Eloise 1/doAction 5 17/playSound doorOpen/pause 1000/viewport 9 14/pause 1000/speak Eloise \"{{i18n:57872009.07}}\"/pause 500/speak Jacob \"{{i18n:57872009.08}}\"/faceDirection Jacob 1/speak Jacob \"{{i18n:57872009.09}}\"/emote OliverK 40/pause 500/speak OliverK \"{{i18n:57872009.10}}\"/faceDirection Jacob 2/textAboveHead Jacob \"{{i18n:57872009.11}}\"/pause 500/speak Jacob \"{{i18n:57872009.12}}\"/pause 500/emote OliverK 40/pause 500/speak OliverK \"{{i18n:57872009.13}}\"/speak Eloise \"{{i18n:57872009.14}}\"/emote Jacob 32/speak Jacob \"{{i18n:57872009.15}}\"/jump Eloise 3/textAboveHead Eloise \"{{i18n:57872009.16}}\"/faceDirection Eloise 2/move Eloise 0 3 1/speak Eloise \"{{i18n:57872009.17}}\"/faceDirection farmer 2/emote farmer 32/move Eloise 3 0 2/move farmer 2 0 2/move Eloise 0 6 2 true/move farmer 0 6 2 true/faceDirection Jacob 1/speak Jacob \"{{i18n:57872009.18}}\"/speak OliverK \"{{i18n:57872009.19}}\"/faceDirection Jacob 2/textAboveHead Jacob \"{{i18n:57872009.20}}\"/speak Jacob \"{{i18n:57872009.21}}\"/pause 1000/end",
				"Oliver_Leave": "pause 500/emote OliverK 12/speak Eloise \"{{i18n:57872009.Oliver_Leave.01}}\"/emote OliverK 60/speak OliverK \"{{i18n:57872009.Oliver_Leave.02}}\"/emote farmer 60/faceDirection OliverK 0 true/faceDirection Eloise 0 true/pause 1000/end",
				"57872010/e 57872009": "ocean/18 114/Leximonster 18 114 1 farmer 17 103 2/skippable/addConversationTopic OliverLexiGull 7/move Leximonster 5 0 2 true/move farmer 0 5 2 true/pause 2000/textAboveHead Leximonster \"{{i18n:57872010.01}}\"/emote farmer 56/jump Leximonster 5/faceDirection Leximonster 3/speak Leximonster \"{{i18n:57872010.02}}{{LexiNameForYou}}!{{i18n:57872010.021}}\"/move Leximonster -5 0 3 true/move farmer 0 5 2 true/pause 500/speak Leximonster \"{{i18n:57872010.03}}\"/pause 500/emote farmer 40/quickQuestion #{{i18n:57872010.04}}#{{i18n:57872010.05}}(break)emote Leximonster 20\\friendship Leximonster 50\\speak Leximonster \"{{i18n:57872010.06}}\"(break)emote Leximonster 12\\friendship Leximonster -25\\speak Leximonster \"{{i18n:57872010.07}}\"/pause 500/emote farmer 40/pause 500/speak Leximonster \"{{i18n:57872010.08}}\"/emote farmer 32/speak Leximonster \"{{i18n:57872010.09}}\"/faceDirection Leximonster 2/speak Leximonster \"{{i18n:57872010.10}}\"/emote farmer 24/pause 1000/end",
				"57872011/e 57872010/A OliverLexiGull/d Mon Thu Sat Sun/t 600 1100": "ocean/53 115/OliverK 52 113 2 Leximonster -100 -100 0 farmer 53 113 2/skippable/swimming Leximonster/addTemporaryActor LexiFriendGull 16 16 -100 -100 1 false/showFrame OliverK 16/speak OliverK \"{{i18n:57872011.01}}\"/emote farmer 32/playSound seagulls/speak OliverK \"{{i18n:57872011.02}}\"/pause 1000/showFrame OliverK 17/showFrame 4/pause 1000/showFrame OliverK 18/warp LexiFriendGull 52 114/jump LexiFriendGull 3/shake LexiFriendGull 100/speed LexiFriendGull 5/move LexiFriendGull 3 0 3/speed LexiFriendGull 5/move LexiFriendGull -3 0 0/speak OliverK \"{{i18n:57872011.03}}\"/playSound seagulls/pause 1000/speak OliverK \"{{i18n:57872011.04}}\"/emote LexiFriendGull 12/warp Leximonster 53 120/animate Leximonster false false 550 20 21 22 23/emote Leximonster 8/pause 1000/playSound waterSlosh/faceDirection LexiFriendGull 2/textAboveHead Leximonster \"{{i18n:57872011.05}}\"/speak Leximonster \"{{i18n:57872011.06}}\"/showFrame OliverK 0/showFrame 0/jump OliverK 7/emote OliverK 16/speak OliverK \"{{i18n:57872011.07}}\"/faceDirection OliverK 1/faceDirection farmer 3/quickQuestion #{{i18n:57872011.08}}#{{i18n:57872011.09}}#{{i18n:57872011.10}}(break)faceDirection OliverK 2\\speak OliverK \"{{i18n:57872011.11}}\"(break)emote Leximonster 20\\faceDirection OliverK 2\\speak OliverK \"{{i18n:57872011.12}}\"(break)emote Leximonster 12\\faceDirection OliverK 2\\textAboveHead Leximonster \"{{i18n:57872011.13}}\"/faceDirection farmer 2/pause 1000/move Leximonster 0 -3 0/stopSwimming Leximonster/speak Leximonster \"{{i18n:57872011.14}}{{LexiNameForYou}}.#$b#{{i18n:57872011.141}}\"/faceDirection OliverK 1/faceDirection farmer 3/pause 500/emote farmer 32/faceDirection OliverK 2/faceDirection farmer 2/speak OliverK \"{{i18n:57872011.15}}\"/move Leximonster 0 -1 0/speak Leximonster \"{{i18n:57872011.16}}\"/shake OliverK 100/speak OliverK \"{{i18n:57872011.17}}\"/textAboveHead Leximonster \"{{i18n:57872011.18}}\"/pause 500/animate farmer false true 200 102 103/textAboveHead OliverK \"{{i18n:57872011.19}}\"/speak Leximonster \"{{i18n:57872011.20}}{{LexiNameForYou}}{{i18n:57872011.201}}\"/stopAnimation farmer 0/jump LexiFriendGull 3/playSound seagulls/speak Leximonster \"{{i18n:57872011.21}}\"/emote farmer 20/speak Leximonster \"{{i18n:57872011.22}}\"/emote OliverK 32/emote Leximonster 56/pause 1000/end",
				"57872020/e 57873018/A CryptoToday_Talk/w sunny/t 1100 1800": "ocean/27 121/farmer 22 102 0 Rosa 22 100 2 OliverK 28 119 3 Leximonster -100 -100 0/skippable/Swimming Leximonster/addTemporaryActor LKKataryna 16 32 26 119 1 true/pause 1000/speak LKKataryna \"{{i18n:57872020.01}}\"/pause 500/faceDirection farmer 2/emote farmer 16/move farmer 0 17 2 true/emote OliverK 60/speak OliverK \"{{i18n:57872020.02}}\"/emote LKKataryna 36/speak LKKataryna \"{{i18n:57872020.03}}\"/shake LKKataryna 500/speak LKKataryna \"{{i18n:57872020.04}}\"/emote farmer 40/playSound dropItemInWater/faceDirection OliverK 2 true/faceDirection LKKataryna 2 true/warp Leximonster 28 124/jump LKKataryna 5/pause 1000/speak LKKataryna \"{{i18n:57872020.05}}\"/move Leximonster 0 -2 0/stopSwimming Leximonster/speak Leximonster \"{{i18n:57872020.06}}\"/textAboveHead LKKataryna \"{{i18n:57872020.07}}\"/speak Leximonster \"{{i18n:57872020.08}}\"/speak LKKataryna \"{{i18n:57872020.09}}\"/speak OliverK \"{{i18n:57872020.10}}\"/faceDirection OliverK 3/speak OliverK \"{{i18n:57872020.11}}\"/faceDirection LKKataryna 1/speak LKKataryna \"{{i18n:57872020.12}}\"/emote OliverK 12/speak LKKataryna \"{{i18n:57872020.13}}\"/move farmer 2 0 1/faceDirection LKKataryna 3/quickQuestion #{{i18n:57872020.14}}#{{i18n:57872020.15}}#{{i18n:57872020.16}}#{{i18n:57872020.17}}(break)speak LKKataryna \"{{i18n:57872020.18}}\"\\speak OliverK \"{{i18n:57872020.19}}\"(break)textAboveHead LKKataryna \"{{i18n:57872020.20}}\"\\shake LKKataryna 240\\pause 1000\\speak LKKataryna \"{{i18n:57872020.21}}\"\\speak OliverK \"{{i18n:57872020.22}}\"(break)speak LKKataryna \"{{i18n:57872020.23}}\"(break)textAboveHead LKKataryna \"{{i18n:57872020.24}}\"/pause 1000/speak LKKataryna \"{{i18n:57872020.25}}\"/pause 1000/emote farmer 40/pause 1000/speak OliverK \"{{i18n:57872020.26}}\"/faceDirection LKKataryna 1/jump LKKataryna 3/pause 1000/textAboveHead LKKataryna \"{{i18n:57872020.27}}\"/speak OliverK \"{{i18n:57872020.28}}\"/speak LKKataryna \"{{i18n:57872020.29}}\"/speak OliverK \"{{i18n:57872020.30}}\"/pause 1000/speak OliverK \"{{i18n:57872020.31}}\"/shake LKKataryna 2000 true/shake OliverK 2000 true/pause 1500/speak Leximonster \"{{i18n:57872020.32}}\"/pause 1000/textAboveHead LKKataryna \"{{i18n:57872020.33}}\"/pause 1000/faceDirection LKKataryna 2/speak LKKataryna \"{{i18n:57872020.34}}\"/textAboveHead Leximonster \"{{i18n:57872020.35}}\"/speak LKKataryna \"{{i18n:57872020.36}}\"/faceDirection LKKataryna 1/faceDirection OliverK 2/faceDirection Leximonster 0/emote Leximonster 8/emote OliverK 36/pause 1000/faceDirection LKKataryna 3/speak LKKataryna \"{{i18n:57872020.37}}\"/emote farmer 40/pause 1000/end",
			}
		},
		{
			"Action": "EditData",
			"Target": "Data/Events/Custom_ESOrchard",
			"Entries": {
				"57872023/f Leximonster 2000/w rainy/t 2000 2400": "nightTime/40 66/Leximonster 40 66 2 farmer 35 53 2/skippable/move farmer 0 13 1/emote farmer 56/pause 500/faceDirection Leximonster 3/speak Leximonster \"{{i18n:57872023.01}}\"/move farmer 3 0 1/emote farmer 8/pause 1000/speak Leximonster \"{{i18n:57872023.02}}\"/emote farmer 40/pause 1000/emote Leximonster 28/pause 1000/speak Leximonster \"{{i18n:57872023.03}}\"/pause 1000/emote farmer 32/faceDirection Leximonster 2/pause 1000/speak Leximonster \"{{i18n:57872023.04}}\"/move farmer 1 0 2/pause 1000/speak Leximonster \"{{i18n:57872023.05}}\"/pause 1000/faceDirection Leximonster 3/faceDirection farmer 1/speak Leximonster \"{{i18n:57872023.06}}\"/emote Leximonster 20/emote farmer 60/pause 1000/faceDirection Leximonster 2/pause 500/stopMusic/fade/viewport -100 -100/warp Leximonster -1000 -1000/warp farmer -1000 -1000/addTemporaryActor LexiChild 16 32 -1000 -1000 2 true/swimming LexiChild/speak Leximonster \"{{i18n:57872023.07}}\"/playMusic ocean/changeToTemporaryMap Beach_LexiMemory/viewport -100 -100/pause 1000/viewport 66 19/warp LexiChild 60 14/move LexiChild 0 5 1/move LexiChild 1 0 1/stopSwimming LexiChild/move LexiChild 5 0 0/pause 1000/move LexiChild 0 5 2/pause 1000/move LexiChild 0 1 2/emote LexiChild 16/jump LexiChild/move LexiChild 0 -1 2/speak Leximonster \"{{i18n:57872023.08}}\"/shake LexiChild 500/move LexiChild 8 0 0/move LexiChild 0 -2 0/pause 3000/fade/viewport -100 -100/speak Leximonster \"{{i18n:57872023.09}}\"/addTemporaryActor MonaSwimsuit 16 32 56 13 1 true/viewport 65 14/move MonaSwimsuit 10 0 2/viewport move 3 3 1000/move MonaSwimsuit 0 11 2 true/pause 200/faceDirection Leximonster 3/jump LexiChild 5/speed LexiChild 5/advancedMove LexiChild false 3 0 0 1/pause 2000/shake LexiChild 1000/pause 5000/viewport move 0 3 2000/move MonaSwimsuit 0 2 2 true/pause 1000/swimming MonaSwimsuit/pause 1000/speak Leximonster \"{{i18n:57872023.10}}\"/move MonaSwimsuit 0 3 1/advancedMove MonaSwimsuit false 10 0 2 2000 -10 0/pause 1000/emote LexiChild 16/pause 8000/fade/viewport -100 -100/speak Leximonster \"{{i18n:57872023.11}}\"/pause 1000/viewport 77 27/advancedMove MonaSwimsuit false 7 0 0 3 2 1000/pause 7000/warp MonaSwimsuit -1000 -1000/pause 500/jump LexiChild 5/emote LexiChild 16/speed LexiChild 5/advancedMove LexiChild false -1 0 0 2/pause 500/textAboveHead LexiChild \"{{i18n:57872023.12}}\"/move LexiChild 0 1 2/swimming LexiChild/speed LexiChild 7/move LexiChild 0 7 2/fade/viewport -100 -100/stopSwimming LexiChild/stopSwimming MonaSwimsuit/pause 1000/speak Leximonster \"{{i18n:57872023.13}}\"/viewport 65 21/warp MonaSwimsuit 66 21/warp LexiChild 64 21/faceDirection LexiChild 1 true/faceDirection MonaSwimsuit 3 true/pause 1000/textAboveHead MonaSwimsuit \"{{i18n:57872023.14}}\"/pause 3000/emote LexiChild 60/pause 2000/textAboveHead MonaSwimsuit \"{{i18n:57872023.15}}\"/pause 2000/faceDirection LexiChild 2/pause 2000/textAboveHead LexiChild \"{{i18n:57872023.16}}\"/pause 2000/textAboveHead MonaSwimsuit \"{{i18n:57872023.17}}\"/pause 1000/jump LexiChild 3/faceDirection LexiChild 1/pause 3000/textAboveHead LexiChild \"{{i18n:57872023.18}}\"/pause 2000/textAboveHead MonaSwimsuit \"{{i18n:57872023.19}}\"/pause 2000/emote LexiChild 60/pause 2000/stopMusic/fade/viewport -100 -100/changeLocation Custom_ESOrchard/playMusic nightTime/viewport -100 -100/warp LexiChild -1000 -1000/warp MonaSwimsuit -1000 -1000/warp Leximonster 40 66/warp farmer 39 66/viewport 40 66/pause 1000/speak Leximonster \"{{i18n:57872023.20}}\"/faceDirection Leximonster 3/faceDirection farmer 1/emote Leximonster 32/pause 1000/emote farmer 32/pause 2000/faceDirection Leximonster 2/pause 1000/faceDirection farmer 2/pause 5000/end"
			}
		},
		{ //sets up Luma's door warp
			"Action": "EditMap",
			"Target": "Maps/Custom_EastScarpe",
			"MapTiles": [
				{
					"Position": {
						"X": 78,
						"Y": 109
					},
					"Layer": "Buildings",
					"SetProperties": {
						"Action": "Warp 28 19 Custom_ESSeaCave"
					}
				},
				/*{
					"Position": {
						"X": 77,
						"Y": 109
					},
					"Layer": "Back",
					"SetProperties": {
						"TouchAction": "ChangeIntoSwimsuit"
					}
				}*/
			],
			"When": {
				"HasSeenEvent": "57872004"
			}
		},
		{
			"Action": "EditData",
			"Target": "Data/ExtraDialogue",
			"Entries": {
				"Lexi_crystal": "{{i18n:strings.lexi.CS101}}"
			}
		},
		{
			"Action": "EditMap",
			"Target": "Maps/Custom_ESSeaCave",
			"When": {
				"HasSeenEvent": "57872011"
			},
			"MapTiles": [
				{
					"Position": {
						"X": 26,
						"Y": 7
					},
					"Layer": "Back",
					"SetProperties": {
						"CustomCompanions": "Spawn 1 LemurKat.EastScarpeCompanions.FriendGull"
					}
				}
			]
		}
	]
}