{
  "Changes": [
    {
      "LogName": "Load Rosa Dialogue File",
      "Action": "Load",
      "Target": "Characters/Dialogue/Rosa, Characters/Schedules/Rosa",
      "FromFile": "assets/{{target}}/Rosa.json"
    },
    {
      "LogName": "NPC Dispositions",
      "Action": "EditData",
      "Target": "Data/NPCDispositions",
      "Entries": {
        "Rosa": "adult/neutral/neutral/neutral/female/not-datable/null/Town/null/fall 7/Custom_ES_InnRoomRosa 5 5/{{i18n:Name.Rosa}}"
      }
    },
    /* {
      "Action": "EditMap",
      "Target": "Maps/Custom_EastScarpeInn",
      "MapProperties": {
          "NPCWarp": "25 4 Custom_ES_InnRoomRosa 3 9"
      }
    },*/
    /* {
      "LogName": "NPC Manifestation - makes Rosa datable if you're playing a female char (she may ask you at 8-hearts if you are interested in women romantically and if no, remove - or add - a flag)",
      "Action": "EditData",
      "Target": "Data/NPCDispositions",
      "Fields": {
        "Rosa": {
          "5": "datable"
        }
      },
      "When": {
        "PlayerGender": "female"
      }
    },*/
    {
      "Action": "EditData",
      "Target": "Data/NPCGiftTastes",
      "Entries": {
        "Rosa": "{{i18n:gifts.rosa.love}}/540 233 400/{{i18n:gifts.rosa.like}}/-4 -5 -6 -7 -79 422 216 246 768/{{i18n:gifts.rosa.dislike}}/330/{{i18n:gifts.rosa.hate}}/2 769/{{i18n:gifts.rosa.neutral}}/-4/ "
      }
    },
    {
      "LogName": "Portraits",
      "Action": "Load",
      "Target": "Portraits/Rosa",
      "FromFile": "assets/{{Target}}/Rosa.png"
    },
    {
      "Action": "Include",
      "FromFile": "assets/Festivals/Rosa.json"
    },
    {
      "LogName": "Schedule Dialogue",
      "Action": "Load",
      "Target": "Strings/schedules/Rosa",
      "FromFile": "assets/Characters/schedules/Rosa/ScheduleDialogueRosa.json"
    },
    {
      "LogName": "Additional Rosa Dialogue",
      "Action": "Include",
      "FromFile": "assets/Characters/Dialogue/Rosa/RosaDialogue.json"
    },
    {
      "LogName": "Loads Attic",
      "Action": "Load",
      "Target": "Maps/ESInnAttic",
      "FromFile": "assets/Maps/Attic.tmx"
    },
    /*********
  ** Sprites
  *********/
    {
      "LogName": "Sprites",
      "Action": "Load",
      "Target": "Characters/Rosa",
      "FromFile": "assets/{{Target}}/Rosa.png"
    },
    {
      "LogName": "Sprites",
      "Action": "EditData",
      "Target": "Characters/schedules/Rosa",
      "Entries": {
        "spring": "750 Custom_EastScarpeInn 43 10 0 square_5_1_0/0930 Custom_EastScarpe 22 100 2/1800 Custom_EastScarpe 17 121 2/2000 Custom_EastScarpeInn 45 10 0/2200 Custom_ES_InnRoomRosa 5 5 1",
        "summer": "750 Custom_EastScarpeInn 43 10 0 square_5_1_0/0930 Custom_EastScarpe 22 100 2/1800 Custom_EastScarpe 17 121 2/2000 Custom_EastScarpeInn 45 10 0/2200 Custom_ES_InnRoomRosa 5 5 1",
        "fall": "750 Custom_EastScarpeInn 43 10 0 square_5_1_0/0930 Custom_EastScarpe 22 100 2/1800 Custom_EastScarpe 17 121 2/2000 Custom_EastScarpeInn 45 10 0/2200 Custom_ES_InnRoomRosa 5 5 1",
        "winter": "750 Custom_EastScarpeInn 43 10 0 square_5_1_0/0930 Custom_EastScarpe 22 100 2/1800 Custom_EastScarpe 17 121 2/2000 Custom_EastScarpeInn 45 10 0/2200 Custom_ES_InnRoomRosa 5 5 1",
        "rain": "750 Custom_EastScarpeInn 43 10 0 square_5_1_0/0930 Custom_EastScarpeInn 33 28 0/1500 Custom_EastScarpeInn 28 13 3 square_1_2_1/1800 Custom_EastScarpe 17 121 2/2000 Custom_EastScarpeInn 45 10 0/2200 Custom_ES_InnRoomRosa 5 5 1",
      },
      "When": {
        "HasMod": "ItsBenter.InnCompanions.CP"
      },
    },
    {
      "LogName": "Sprites",
      "Action": "EditData",
      "Target": "Characters/schedules/Rosa",
      "Entries": {
        "Sat": "750 Custom_EastScarpeInn 43 10 0 square_5_1_0/0930 Custom_EastScarpe 22 100 2/1700 Saloon 36 20 1/2400 Custom_ES_InnRoomRosa 5 5 1",
      },
      "When": {
        "HasSeenEvent": "57874001"
      }
    },
    {
      "LogName": "Sprites",
      "Action": "EditData",
      "Target": "Characters/schedules/Rosa",
      "Entries": {
        "Thu": "750 Custom_EastScarpeInn 43 10 0 square_5_1_0/930 JojaMart 21 15 3/1230 JojaMart 13 6 0/1310 JojaMart 13 6 0/1400 JojaMart 8 5 2/1430 JojaMart 7 24 3/1530 Custom_EastScarpeInn 43 10 0/2200 Custom_ES_InnRoomRosa 5 5 1"
      },
      "When": {
        "HasMod |contains=FlashShifter.StardewValleyExpandedCP": true,
        "HasMod |contains=LemurKat.JulietHouse.NPC": true
      }
    },
    {
      "Action": "EditData",
      "Target": "Data/Events/Custom_EastScarpeInn",
      "Entries": {
        "57874000": "jaunty/37 15/farmer 40 22 0 Rosa 44 10 0/skippable/addObject 43 19 234 1/addObject 41 8 245 1/addObject 42 8 246 1/move farmer 0 -4 1 true/move Rosa -4 0 2 true/emote Rosa 56/emote farmer 8/move farmer 2 0 1/move Rosa 0 5 2/doAction 40 16/playSound openBox/faceDirection farmer 3/move farmer -2 0 0 true/move Rosa 0 2 2 true/pause 1000/emote Rosa 16/jump Rosa 3/jump farmer 3/move farmer 1 0 3/playSound dwop/addObject 40 18 255 0/textAboveHead Rosa \"{{i18n:57874000.01}}\"/speak Rosa \"{{i18n:57874000.02}}\"/quickQuestion #{{i18n:57874000.03}}#{{i18n:57874000.04}}(break)speak Rosa \"{{i18n:57874000.05}}\"(break)speak Rosa \"{{i18n:57874000.06}}\"/speak Rosa \"{{i18n:57874000.07}}\"/emote farmer 36/speak Rosa \"{{i18n:57874000.08}}\"/playSound pickUpItem/removeSprite 40 18/move Rosa 0 1 1/speak Rosa \"{{i18n:57874000.09}}\"/faceDirection Rosa 3/pause 500/faceDirection Rosa 1/speak Rosa \"{{i18n:57874000.10}}\"/emote farmer 32/pause 500/speak Rosa \"{{i18n:57874000.11}}\"/emote farmer 56/pause 500/speak Rosa \"{{i18n:57874000.12}}\"/pause 500/emote farmer 40/pause 500/speak Rosa \"{{i18n:57874000.13}}\"/pause 500/move Rosa 0 -1 0/move farmer -1 0 0/move Rosa 0 -6 0 true/pause 1000/end",
        "57874001/f Rosa 500/t 1600 2000": "jaunty/40 12/farmer 40 17 0 Rosa 45 10 0/skippable/pause 1000/move Rosa -2 0 0/playSound clank/doAction 40 16/move farmer 0 -7 1 true/shake Rosa 240/pause 500/emote Rosa 12/pause 1000/playSound clank/pause 1000/emote farmer 56/jump Rosa 2/faceDirection Rosa 3/pause 100/speak Rosa \"Oh, howdy @! How's things?\"/emote farmer 32/pause 1000/speak Rosa \"Hey, I've been doing a bit of... err .... cooking.#$b#I've been thinking of my family, and thought I'd try out my Grandmama's secret spanakopita recipe.\"/pause 500/emote Rosa 28/pause 1000/move Rosa 0 1 2/pause 500/move farmer 2 0 2/playSound slimedead/addObject 43 12 747 0/emote Rosa 20/move farmer 0 1 2/emote farmer 8/speak Rosa \"Yeh, I know... it didn't come our right. Grandmama lives in Fort Josa, and I can't get all the ingredients here. So I've sorta .... substituted.#$b#Ugh, look at this mess... she'd be so disappointed.$2\"/pause 1000/quickQuestion #That's the most disgusting thing I've ever seen!#I'm sure it'll taste fine!#I get that. I feel like I can't live up to my Grandfather too.(break)textAboveHead Rosa \"Ouch!\"\\speak Rosa \"Talk about not protecting my ego. Luckily I'm thick-skinned.#$b#It really is gross, isn't it?$1\"(break)speak Rosa \"Hah, thanks for the ego boost, but seriously, I can see how terrible this looks... and smells.$1#$b#Really not fit for human consumption.$2\"(break)speak Rosa \"I hadn't thought about it that way... but yeah, you're right.\"/pause 1000/faceDirection Rosa 3/faceDirection farmer 1/pause 1000/speak Rosa \"Gran'd cook it for us every Sunday, and the whole family would sit around the table and laugh.#$b#That was, you know, before... $2\"/faceDirection Rosa 0/pause 1000/emote farmer 8/faceDirection Rosa 3/speak Rosa \"Oh, the fights and the divorce and stuff. It's fine now. Really.#$b#I was just hoping to capture a bit of the memory though, y'know?\"/pause 500/faceDirection Rosa 2/faceDirection farmer 2/pause 1000/speak Rosa \"And look at it! I don't think even the ducks would eat this.$2\"/pause 500/faceDirection farmer 1 true/faceDirection Rosa 3/emote farmer 56/speak Rosa \"Not that I'd try it, mind you. Wouldn't want to face Eloise's wrath!$1\"/faceDirection Rosa 2/faceDirection farmer 2/emote farmer 40/speak Rosa \"You're right, it's foolish to try and impress people that are gone. Sometimes you've just gotta figure out how to be yourself.$1\"/faceDirection farmer 1 true/faceDirection Rosa 3/speak Rosa \"Thanks for stopping by today, @. Tomorrow's baking will be edible, promise!\"/emote farmer 32/pause 1000/end",
        "57874003/f Rosa 1750/w rainy/t 1700 2000": "rain/-100 -100/Rosa 42 30 0 farmer -1000 -1000 0 Jacob -1000 -1000 0/addConversationTopic Rosa_StormDay 7/skippable/viewport 43 32 clamp true/pause 1000/playSound daggerswipe/pause 1000/warp farmer 44 36/pause 500/playSound daggerswipe/move farmer 0 -3 0 true/playSound woodyStep/pause 500/faceDirection Rosa 2/jump Rosa 2/emote Rosa 16/speak Rosa \"Careful! I've just waxed those floors. I hope you haven't dragged any mud in!$3\"/emote farmer 28/pause 1000/move Rosa 0 3 1/faceDirection farmer 3/pause 100/speak Rosa \"Oh, sorry... I'm just a bit tense...$2\"/pause 500/emote farmer 8/pause 500/speak Rosa \"This weather... we had terrible storms in Fort Josa. And hurricanes...$2\"/pause 1000/screenFlash .35/playSound thunder/pause 1000/playSound woodyStep/warp Jacob 44 36/jump Rosa 5/showFrame Rosa 19/pause 500/showFrame Rosa 0/faceDirection Rosa 2/faceDirection farmer 2/pause 1000/textAboveHead Rosa \"Oh! It's you.\"/speak Jacob \"Sorry, about the mud. It's really pouring out there.$2#$b#I'm just dropping by to pick up something for dinner.$1\"/jump Rosa 3/emote Rosa 16/speak Rosa \"Oh, yes, of course! I'll just go and get it.$1#$b#Come in, make yourself at home. Oh, but please wipe your feet!\"/pause 1000/textAboveHead Jacob \"Of course!\"/pause 1000/textAboveHead Rosa\"Won't be long!\"/pause 1000/move Rosa -2 0 0/advancedMove Rosa false 0 -10 1 1500 0 10 3 0/move Jacob 0 -2 0/move farmer 1 0 3/move Jacob 0 -1 1/pause 1000/speak Jacob \"Rosa's so good to us... I'm so busy with the animals, I hardly have time to cook.$3#$b#I've probably come to rely on her too much...$2\"/emote Jacob 28/textAboveHead Rosa \"Here you go!\"/pause 1000/faceDirection Jacob 3/pause 500/emote Jacob 20/speak Jacob \"Thank you so much. I really do appreciate it.\"/pause 1000/faceDirection Jacob 1/speak Jacob \"Take care, @.\"/pause 1000/faceDirection Rosa 2/move Jacob 0 3 2/warp Jacob -100 -100/emote Rosa 32/faceDirection Rosa 1/speak Rosa \"I appreciate it too. I'm pleased someone enjoys my cooking.$1\"/emote farmer 32/pause 1000/end",
        "57874004/f Rosa 1500/e 57874002/p Rosa": "none/40 30/Rosa -1000 -1000 2 farmer -1000 -1000 0/addConversationTopic LilyAnneJournal_Rosa 14/skippable/warp farmer 44 36/move farmer 0 -3 0 true/pause 100/emote farmer 8/pause 2000/faceDirection farmer 1/pause 1000/move farmer -4 0 0/playSound stairsdown/emote farmer 56/move farmer 0 -5 0/viewport move 0 -2 2500 true/pause 2000/fade/viewport -1000 -1000/pause 2000/doAction 40 16/playSound doorCreak/pause 1000/warp Rosa 43 10 true/warp farmer 40 14 true/animate Rosa false true 240 16 16 16 17 18 16 16/viewport 39 12 clamp true/pause 1000/move farmer 0 -4 1 true/emote farmer 32/pause 1000/stopAnimation Rosa/faceDirection Rosa 3/textAboveHead Rosa \"Howdy\"/pause 1000/emote farmer 8/speak Rosa \"Hey, sorry I'm covered in cobwebs. I've just been up in the attic. Lewis has me looking for something. Some sort of old trophy.#$b#Apparently once upon a time the farmers around here used to compete to see who was the 'best'. Whatever that means! Crazy, right?$1\"/pause 1000/jump Rosa 3/speak Rosa \"Hey, you want to come up and take a look?$1\"/pause 1000/emote farmer 56/textAboveHead Rosa \"Sweet.\"/speak Rosa \"Just head up the stairs there!\"/move farmer -1 0 0/move farmer 0 -2 0 true/move Rosa -2 0 3 true/pause 1000/viewport -1000 -1000/speak Rosa \"Mind your head!\"/pause 500/playSound ow/pause 500/speak Rosa \"Sorry...Oof! That's gotta hurt...$2\"/warp Rosa 9 9 true/warp farmer 6 6 true/changeToTemporaryMap ESInnAttic/viewport -1000 -1000/viewport 6 5/faceDirection farmer 3/move Rosa 0 -2 0/faceDirection farmer 1/pause 500/move Rosa -4 0 0/pause 1000/faceDirection Rosa 1/faceDirection farmer 2/textAboveHead Rosa \"*cough cough*\"/pause 1000/speak Rosa \"Sorry about the dust. You have no idea how hard it is to keep a place like this clean.\"/emote farmer 60/speak Rosa \"Wanna go through a couple of boxes?\"/emote farmer 56/pause 1000/speak Rosa \"Okay, you take the one by the door. I'll get this one here. I guess we're looking for something shiny.\"/pause 1000/move farmer 1 0 3/move farmer 2 0 0 true/move Rosa -2 0 3 true/pause 2500/playSound woodWhack/pause 500/speak Rosa \"Well, this one's just full of old junk. Any luck with yours?\"/faceDirection Rosa 1/pause 1000/playSound achievement/showFrame 57/addObject 9 4 102 1/message \"You've found a dusty old journal!\"/pause 1000/removeSprite 9 4/faceDirection farmer 2/addObject 9 7 102 1/playSound axe/speed Rosa 3/move Rosa 5 0 1/pause 2000/speak Rosa \"Hmmm... There's a name on it. Lily-Anne Cheridan... Cheridan... Why does that name sound familiar?$2\"/emote farmer 8/pause 1000/jump Rosa 3/speak Rosa \"Oh, I know! Cheridan - Cherry. Cherry Orchards! They brewed artisan liquors, back oh, 50, 60 years ago.$1#$b#Then there was some sort of scandal... and the orchard was abandoned.$2\"/playSound pickUpItem/removeSprite 9 7/move Rosa 1 0 0/faceDirection farmer 2/speak Rosa \"Maybe this'll hold some sort of clue as to what happened!#$b#I'll let you know if I find anything interesting!$1\"/move Rosa 0 2 2/emote farmer 8/warp Rosa -100 -100/end"
      }
    },
    {
      "Action": "EditData",
      "Target": "Data/Events/Custom_EastScarpe",
      "Entries": {
        "57874002/f Rosa 1000/d tue wed fri/t 1000 1600/w sunny": "{{season}}_day_ambient/38 67/farmer 38 69 1 Rosa 47 69 0 Eloise 49 64 2/addConversationTopic CherryOrchard_Rosa 14/skippable/showFrame Eloise 22/pause 500/move farmer 7 0 1 true/viewport move 2 0 3500 true/playSound crafting/pause 1200/playSound crafting/pause 1200/playSound crafting/pause 1200/faceDirection Rosa 3/speak Rosa \"Howdy @! Whew, busy day, right?\"/pause 1000/faceDirection farmer 0/pause 1000/faceDirection farmer 1/emote farmer 8/pause 1000/speak Rosa \"Oh yeah, Jacob got a call-out early this morning...\"/playSound crow/jump Eloise 3/emote farmer 8 true/pause 1000/speak Rosa \"Something about a cow stuck in a ditch.\"/move Eloise 0 1 2/faceDirection Eloise 1 true/pause 1000/speak Rosa \"I offered to come out and help him move her.\"/faceDirection Eloise 2 true/speak Rosa \"But he needed someone to keep an eye on Eloise.\"/advancedMove Eloise false 4 0 0 -4 4 0/pause 1000/speak Rosa \"She's a good kid, for all the questions. Reminds me of myself at her age!\"/pause 1000/speak Rosa \"Although I can't say I'm so fond of birds.$1\"/emote farmer 32/pause 1000/speak Rosa \"Anyway, this is almost done, so... shall we stop for a snack, Eloise?$1\"/pause 1000/faceDirection farmer 0 true/faceDirection Rosa 0 true/textAboveHead Rosa \"Eloise?\"/pause 1000/jump Rosa 3/textAboveHead Rosa \"ELOISE?!\"/pause 1000/playSound crickets/pause 1000/faceDirection Rosa 3 true/faceDirection farmer 1 true/speak Rosa \"Where'd she go? She was right there... reading!$2\"/pause 1000/textAboveHead Rosa \"We've gotta find her!\"/pause 1000/fade/viewport -100 -100/warp farmer 74 49/warp Rosa 75 49/warp Eloise -1000 -1000/viewport 74 48 clamp true/pause 1000/speak Rosa \"Oh Yoba, what if the pelicans ate her!$2\"/speak Eloise \"Rosa? Rosa!$2\"/jump Rosa 4/faceDirection Rosa 1/textAboveHead Rosa \"Ellie! I'm coming!\"/speed Rosa 5/move Rosa 4 0 1/warp Rosa -1000 -1000/speed farmer 5/move farmer 4 0 1/warp farmer -1000 -1000/fade/viewport -100 -100/changeLocation Custom_ESOrchard/viewport -100 -100/warp Eloise 4 18/faceDirection Eloise 1/viewport 8 18 clamp true/warp Rosa 0 17/pause 500/speed Rosa 5/move Rosa 3 0 2 true/textAboveHead Rosa \"Eloise!\"/pause 2000/warp farmer 0 18/faceDirection Eloise 3/move farmer 1 0 1/speak Rosa \"Why'd you run off like that Ellie? I was so worried!$2\"/pause 100/faceDirection Eloise 1/pause 500/faceDirection Eloise 3/emote Eloise 28/pause 1000/speak Eloise \"I thought I saw an ivory woodpecker... they're really really really rare.... but it was just a pileated...$2\"/textAboveHead Eloise \"I'm sorry\"/pause 1000/speak Rosa \"It's okay, chickadee. But please... just don't do it again.$2\"/pause 1000/speak Eloise \"I didn't mean to scare you Miss Rosa...$2#$b#You won't tell Dad, will you?$2\"/pause 1000/emote Rosa 40/pause 1000/speak Rosa \"We'll see.$3\"/emote Eloise 28/pause 1000/speak Rosa \"Come on, let's go back to the inn and have some lemonade. I think we've had quite enough adventures today!$1\"/textAboveHead Eloise \"Okay!\"/pause 1000/advancedMove Eloise false -3 0/pause 1500/move farmer 0 -1 2/faceDirection Eloise 1/move Rosa 0 1 1/move Rosa 2 0 1/pause 1000/speak Rosa \"What is this place?$2\"/pause 1000/end"
      }
    },
    //With Juliet
    {
      "Action": "EditData",
      "Target": "Data/Events/JojaMart",
      "When": {
        "HasMod": "LemurKat.JulietHouse.NPC"
      },
      "Entries": {
        "57874005/k 191393/d Mon Tue Wed Fri Sat Sun": "Hospital_Ambient/-100 -100/Juliet 9 25 1 Rosa 11 20 0 Pam 9 21 3 {{JojaMartActors}}/skippable/changePortrait Juliet Joja/changeSprite Juliet Joja/animate Juliet false true 120 16 16 16 17 17 18 18 19 19 18 18 18 19 19 19 18 18 18 19 19 19 17 17 20 20 20 20 20 20 21 21 21 20 20 20 22 22 20 20 22 22 20 20 21 21 21 21/skippable/viewport 11 24/move Rosa 0 5 3/pause 1000/stopAnimation Juliet/jump Juliet 3/textAboveHead Juliet \"Hey cowgirl!\"/pause 2500/textAboveHead Rosa \"Howdy shop girl!\"/addObject 10 25 436 1/pause 2000/playSound newArtifact/removeSprite 10 25/pause 1000/addObject 10 25 246 1/pause 2000/playSound newArtifact/removeSprite 10 25/pause 1000/advancedMove Pam false 2 0 0 2/speak Juliet \"Baking, huh? Gonna be working some dough this weekend then, ah ya?#$b#Kneading it until it's soft and pliant?$1\"/addObject 10 25 245 1/pause 2000/playSound newArtifact/removeSprite 10 25/pause 1000/emote Rosa 60/pause 1000/speak Rosa \"I thought I might bake maple bars actually. No kneading required.$5#$b#I'll be whipping the butter and sugar though.$1\"/pause 1500/animate Pam false false 240 28 29 28 29 28 29 28 29 28 29 28 29/textAboveHead Pam \"Come on kids.\"/speak Pam \"I ain't got all day.$4\"/pause 1000/jump Juliet 3/faceDirection Juliet 0/speak Juliet \"Oh, calm the farm, Pam. It's not like the saloon's going anywhere.\"/shake Pam 500/emote Pam 12/speak Pam \"Don't make me talk to Morris.... I'm your best customer.$3\"/pause 1000/faceDirection Juliet 1/pause 500/textAboveHead Juliet \"Oh... whatever.\"/pause 1000/move farmer 0 6 3/faceDirection Pam 1/textAboveHead Pam \"Kids these days... no respect.\"/pause 2500/emote farmer 40/faceDirection Juliet 1/pause 1000/speak Juliet \"Sorry 'bout that, cowgirl. That'll be 300g.\"/playSound purchase/pause 1000/playSound newRecipe/textAboveHead Rosa \"Thanks.\"/pause 1000/move Rosa 0 2 1 true/move Pam 0 2 3 true/move farmer -2 0 3 true/pause 1000/textAboveHead Juliet \"Wait!\"/pause 500/jump Rosa 3/faceDirection Rosa 0/speak Juliet \"And don't forget to save me a slice. Maple bars are my favorite.$1\"/pause 1000/faceDirection Rosa 2/textAboveHead Rosa \"(I know.)\"/pause 1000/end"
      }
    },
    {
      "LogName": "Dialogue",
      "Action": "EditData",
      "Target": "Characters/Dialogue/Rosa",
      "When": {
        "HasMod": "LemurKat.JulietHouse.NPC"
      },
      "Entries": {
        "cc_Complete": "I saw the JojaMart is all boarded up. What happened?#$b#I hope that doesn't mean Juliet's going to leave.$2",
        "summer_Fri2": "$d joja#Hey, you know Juliet? The cute clerk at the JojaMart? She's such a hoot.#$b#You won't believe what she said to me yesterday! Yep, something about melons.$1#$b#I bought two. Shes' err... very persuasive.$4|Have you seen you Juliet around? Now, there's a woman who knows her own mind!$1",
      }
    },
    {
      "LogName": "Dialogue",
      "Action": "EditData",
      "Target": "Characters/Dialogue/Rosa",
      "When": {
        "HasMod": "LemurKat.JulietHouse.NPC",
        "HasSeenEvent": "57874010"
      },
      "Entries": {
        "fall_Fri6": "Jules and I have been talking about a seance. Spooky time of year and all that.#$b#Do you want in on it?",
        "Sun6": "Hah, you should come join us sometime on Saturday night. Jules and me have been shooting pool down at the Stardrop.#$b#She's not quite the poolshark she thinks she is!$1#$e#But she does this cute little dance when she wins... so sometimes I miss on purpose.#$e#That's our little secret, 'k?$4"
      }
    },
    /*
    Night - Any Weather - Scarp Inn
Rosa greets the farmer and asks if they will try this new dish she made using a recipe from Port Josa. It was a specialty of her Grandmother's and used the unique forage near her old village. 
She produces a failed dish sprite and the farmer seems rather alarmed. Rosa sweat drops and admits that she realizes the dish didn't come out quite right. The problem was that she substituted a 
lot of ingredients that couldn't be found this far from Port Josa. She misses the old flavors of her home, and especially her grandmother and father. Both of which were amazing cooks that she has not managed to live up to.
 The farmer can choose three dialog options.
1) That sucks buddy. (Or something along those lines. Basically a quick exit from the scene if the player isn't feeling it.
2) I'm sure the dish still tastes okay. (The farmer tries the dish and it makes them sick.)
3)  I feel like I can't live up to my grandfather too. (The farmer and Rosa commiserate on having to deal with the high standards left for them by the people no longer in their lives.)
At the end of each of these Rosa laughs and thanks the farmer for talking to her. She throws the dish away. (edited)

Rosa greets the farmer and asks if they will try this new dish she made using a recipe from Port Josa. It was a specialty of her Grandmother's and used the unique forage near her old village. She produces a failed dish sprite and the farmer seems rather alarmed. Rosa sweat drops and admits that she realizes the dish didn't come out quite right. The problem was that she substituted a lot of ingredients that couldn't be found this far from Port Josa. She misses the old flavors of her home, and especially her grandmother and father. Both of which were amazing cooks that she has not managed to live up to. The farmer can choose three dialog options. 1) That sucks buddy. (Or something along those lines. Basically a quick exit from the scene if the player isn't feeling it. 2) I'm sure the dish still tastes okay. (The farmer tries the dish and it makes them sick.) 3) I feel like I can't live up to my grandfather too. (The farmer and Rosa commiserate on having to deal with the high standards left for them by the people no longer in their lives.) At the end of each of these Rosa laughs and thanks the farmer for talking to her. She throws the dish away.*/
  ]
}