{
    "spring":"900 Custom_EastScarpe 13 92 2 sheba_grooming/1100 Custom_EastScarpe 16 102 square_5_5/1500 Custom_EastScarpe 3 101 2 sheba_nap/1900 Custom_ES_CatWarpRoom 2 4 sheba_nap",
    "rain":"610 Custom_ES_CatWarpRoom 2 4 sheba_nap/900 Custom_ESHouse4 9 14 sheba_nap/1400 Custom_EastScarpe 11 62 2 sheba_grooming/1800 Custom_EastScarpe 45 66 0 square 5_0/2100 Custom_ES_CatWarpRoom 2 4 sheba_nap"

/*Other places she might like to go:
{
			"Name": "Sheba.nap",
			"Value": "{{Random:
Custom_EastScarpe 7 83 2 sheba_nap,
Custom_EastScarpe 65 76 2 sheba_nap,
Custom_EastScarpe 23 79 2 sheba_nap,
Custom_EastScarpe 3 101 2 sheba_nap}}"
		},

Custom_EastScarpe 10 86 2 sheba_sit
Custom_EastScarpe 28 104 2 sheba_sit
Custom_EastScarpe 1 12 2 sheba_sit

Custom_EastScarpe 75 80 2 square_5_5
Custom_EastScarpe 26 70 0 square_7_0_0
Custom_EastScarpe 22 16 2 square_5_4
Custom_EastScarpe 45 110 0 square_5_0_0
Custom_EastScarpe 16 102 square_5_5
Custom_EastScarpe 45 66 0 square 5_0

Custom_EastScarpe 11 62 2 sheba_grooming
Custom_EastScarpe 8 53 2 sheba_grooming
Custom_EastScarpe 28 93 2 sheba_grooming
Custom_EastScarpe 53 61 2 sheba_grooming
Custom_EastScarpe 13 92 2 sheba_grooming
"spring":"900 {{sheba.groom}}/1100 {{sheba.wander}}/1300 {{sheba.nap}}/1500 {{sheba.sit}}/1800 {{sheba.wander}}/2200 Custom_ES_CatWarpRoom 2 4 sheba_nap"
*/
}