{ //Cave Carrot by KM French
    "Name": "Cave Carrot Seeds",
    "Product": 78,
    "SeedName": "Cave Carrot Seeds",
    "SeedDescription": "Can only grow in fall. Takes 6 days to mature.",
    "Type": "Vegetable",
    "CropType": "Normal",
    "Seasons": [
        "fall"
    ],
    "Phases": [
        1,
        1,
        2,
        1,
        1
    ],
    "RegrowthPhase": -1,
    "HarvestWithScythe": false,
    "SeedPurchasePrice": 20,
    "SeedPurchaseFrom": "Dwarf",
    "TrellisCrop": false,
    "Colors": null,
    "DisableWithMod": "Mae.foragetofarm",
    "Bonus": {
        "MinimumPerHarvest": 1,
        "MaximumPerHarvest": 1,
        "MaxIncreasePerFarmLevel": 5,
        "ExtraChance": 0.1,
    },
        "NameLocalization":
	{
		/*to be added in*/
		"ko": "동굴당근 씨앗",
		"zh": "山洞萝卜",
	},
	"SeedNameLocalization":
	{
		/*to be added in*/
		"ko": "동굴당근 씨앗",
		"zh": "山洞萝卜种子",
	},
	"SeedDescriptionLocalization":
	{
		/*to be added in*/
		"ko": "가을에 심을 수 있다. 다 자라는 데에는 총 6일이 소요됩니다.",
		"zh": "只能在秋天生长，6天成熟。",
	}
}