{
	"spring": "750 Custom_EastScarpeInn 43 10 0 square_5_1_0/0930 Custom_EastScarpeInn 45 31 2/1800 Custom_EastScarpe 17 121 2/2000 Custom_EastScarpeInn 45 10 0/2200 Custom_ES_InnRoomRosa 5 5 1",
	"winter_17":"750 Custom_EastScarpeInn 43 10 0 square_5_1_0/0930 Custom_EastScarpeInn 45 31 2/1500 Beach 30 36 2 \"Strings\\schedules\\Rosa:winter_17.000\"/2400 Custom_ES_InnRoomRosa 5 5 1",
	"Sat": "750 Custom_EastScarpeInn 43 10 0 square_5_1_0/0930 Custom_EastScarpe 22 100 2/1700 Custom_EastScarpeInn 23 13 1/2400 Custom_ES_InnRoomRosa 5 5 1",
	//"Sat":"750 Custom_EastScarpeInn 43 10 0 square_5_1_0/1100 Custom_EastScarpe 23 109 2/1400 Custom_EastScarpe 57 41 2/1700 Saloon 36 20 1/2000 EastScarpeInn 45 10 0/2200 Custom_ES_InnRoomRosa 5 5 1",
	"summer": "750 Custom_EastScarpeInn 43 10 0 square_5_1_0/0930 Custom_EastScarpeInn 45 31 2/1800 Custom_EastScarpe 17 121 2/2000 Custom_EastScarpeInn 45 10 0/2200 Custom_ES_InnRoomRosa 5 5 1",
	"fall": "750 Custom_EastScarpeInn 43 10 0 square_5_1_0/0930 Custom_EastScarpeInn 45 31 2/1800 Custom_EastScarpe 17 121 2/2000 Custom_EastScarpeInn 45 10 0/2200 Custom_ES_InnRoomRosa 5 5 1",
	"winter": "750 Custom_EastScarpeInn 43 10 0 square_5_1_0/0930 Custom_EastScarpeInn 45 31 2/1800 Custom_EastScarpe 17 121 2/2000 Custom_EastScarpeInn 45 10 0/2200 Custom_ES_InnRoomRosa 5 5 1",
	"rain": "750 Custom_EastScarpeInn 43 10 0 square_5_1_0/0930 Custom_EastScarpeInn 45 31 2/1800 Custom_EastScarpe 17 121 2/2000 Custom_EastScarpeInn 45 10 0/2200 Custom_ES_InnRoomRosa 5 5 1",
	"winter_Mon": "750 Custom_EastScarpeInn 43 10 0 square_5_1_0/0930 Custom_EastScarpeInn 45 31 2/1800 Custom_EastScarpeInn 29 13 3/2000 Custom_EastScarpeInn 45 10 0/2200 Custom_ES_InnRoomRosa 5 5 1",
	"winter_Tue": "750 Custom_EastScarpeInn 43 10 0 square_5_1_0/0930 Custom_EastScarpeInn 45 31 2/1800 Custom_EastScarpeInn 33 28 3/2000 Custom_EastScarpeInn 45 10 0/2200 Custom_ES_InnRoomRosa 5 5 1",
	"Thu":"750 Custom_EastScarpeInn 43 10 0 square_5_1_0/930 JojaMart 21 15 3/1230 JojaMart 13 6 0/1310 JojaMart 13 6 0/1400 JojaMart 8 5 2/1430 JojaMart 11 25 3/1530 Custom_EastScarpeInn 43 10 0/2200 Custom_ES_InnRoomRosa 5 5 1",
	"JojaMart_Replacement": "SeedShop 13 25 1"
}