{
    "Mon": "There's definitely something supernatural going on here. I can practically smell it.",
    "Tue": "One of my sources told me there's a wizard living in town.#$b#I don't suppose you'd organize a visit?#$b#Of course I tried knocking! He refused to answer.",
    "Wed": "Oh yes, I've met that charming chap up in the Guild.#$b#He's a bit gruff, isn't he?",
    "Thu": "Granny Evelyn's delightful! She told me so much about the town.#$b#None of it was particularly useful, but I didn't have the heart to discourage the old dear.",
    "Fri": "Oh, can't stop, deadlines to meet!",
    "Sat": "The children keep telling me such outrageous stories.#$b#A fishman lurking by the wharf, goblins in the woods... if only they were true!",
    "Sun": "What do you know about the message on the gravestone, @? It's rather mysterious, isn't it.",
    "summer_Fri_InLaw_Jasper": "I hope your husband is working on something refreshing for us! His articles are always such a hoot.$1"
}