{
	"Name": "Sunset Nudibranch",
	"Description": "A gem of a sea slug",
	"Category": "Fish",
	"Edibility": 20,
	"EdibleIsDrink": false,
	"EdibleBuffs": null,
	"Price": 230,
	"IsColored": false,
	"GiftTastes":
	{
		"Love": ["Demetrius", "Vincent", "Wizard"],
		"Like": ["Maru"]
	},
	"NameLocalization":
	{
		/*to be added in*/
		//"ko": ""
	},
	"DescriptionLocalization":
	{
		/*to be added in*/
		//"ko": ""
	},
	"CategoryLocalization":
	{
		/*to be added in*/
		//"ko": ""
	}
}