{
	"Name": "Kokanee Salmon",
	"Description": "A smaller relative to the Sockeye Salmon.",
	"Category": "Fish",
	"Edibility": 20,
	"EdibleIsDrink": false,
	"EdibleBuffs": null,
	"Price": 120,
	"IsColored": false,
	"GiftTastes":
	{
		"Love": ["Eyvinder","MisterGinger" ],
		"Like": ["Willy","Kent"]
	},
	"NameLocalization":
	{
		/*to be added in*/
		"ko": "코카니 연어"
	},
	"DescriptionLocalization":
	{
		/*to be added in*/
		"ko": "붉은 빛의 연어에 비해 더 작은 크기입니다."
	},
	"CategoryLocalization":
	{
		/*to be added in*/
		"ko": "물고기"
	}
}