{
	"Name": "Sea Bunny Nudibranch",
	"Description": "It looks like a cute bunny rabbit. But it's really a sea slug.",
	"Category": "Fish",
	"Edibility": 20,
	"EdibleIsDrink": false,
	"EdibleBuffs": null,
	"Price": 250,
	"IsColored": false,
	"GiftTastes":
	{
		"Love": ["Demetrius", "Vincent", "Wizard", "Jas"],
		"Like": ["Maru"]
	},
	"NameLocalization":
	{
		/*to be added in*/
		//"ko": ""
	},
	"DescriptionLocalization":
	{
		/*to be added in*/
		//"ko": ""
	},
	"CategoryLocalization":
	{
		/*to be added in*/
		//"ko": ""
	}
}