    {
        "Changes": [
            {
                "Action": "EditData",
                "Target": "Data/Festivals/winter8",
                "When": {
                    "HasSeenEvent |contains=57873005": false
                },
                "TextOperations": [
                    {
                        "Operation": "Append",
                        "Target": [
                            "Entries",
                            "Set-Up_additionalCharacters"
                        ],
                        "Value": "JosephineK 97 39 2",
                        "Delimiter": "/"
                    }
                ]
            },
            {
                "LogName": "Ice Festival Dialogue",
                "Action": "EditData",
                "Target": "Data/Festivals/winter8",
                "Entries": {
                    "JosephineK": "{{i18n:festivals.josephine.winter8}}"
                }
            },
            {//attends annually even after leaving the Valley
                "Action": "EditData",
                "Target": "Data/Festivals/winter25",
                "TextOperations": [
                    {
                        "Operation": "Append",
                        "Target": [
                            "Entries",
                            "Set-Up_additionalCharacters"
                        ],
                        "Value": "JosephineK 24 48 2",
                        "Delimiter": "/"
                    }
                ]
            },
            {   
                "LogName": "Winter Star Dialogue",
                "Action": "EditData",
                "Target": "data/Festivals/winter25",
                "Entries": {
                    "JosephineK": "{{i18n:festivals.josephine.winter25}}"
                }
            },
            {
                "Action": "EditData",
                "Target": "Data/Festivals/spring13",
                "When": {
                    "HasSeenEvent |contains=57873005": false
                },
                "TextOperations": [
                    {
                        "Operation": "Append",
                        "Target": [
                            "Entries",
                            "Set-Up_additionalCharacters"
                        ],
                        "Value": "JosephineK 31 68 0",
                        "Delimiter": "/"
                    }
                ]
            },
            {
                "LogName": "Egg Festival Dialogue",
                "Action": "EditData",
                "Target": "Data/Festivals/spring13",
                "Entries": {
                    "JosephineK": "{{i18n:festivals.josephine.spring13}}"
                }
            },
            {
                "Action": "EditData",
                "Target": "Data/Festivals/spring24",
                "When": {
                    "HasSeenEvent |contains=57873005": false
                },
                "TextOperations": [
                    {
                        "Operation": "Append",
                        "Target": [
                            "Entries",
                            "Set-Up_additionalCharacters"
                        ],
                        "Value": "JosephineK 7 21 2",
                        "Delimiter": "/"
                    }
                ]
            },
            {
                "LogName": "Flower Festival Dialogue",
                "Action": "EditData",
                "Target": "data/Festivals/spring24",
                "Entries": {
                    "JosephineK": "{{i18n:festivals.josephine.spring24}}"
                }
            },
            {
                "Action": "EditData",
                "Target": "Data/Festivals/summer28",
                "When": {
                    "HasSeenEvent |contains=57873005": false
                },
                "TextOperations": [
                    {
                        "Operation": "Append",
                        "Target": [
                            "Entries",
                            "Set-Up_additionalCharacters"
                        ],
                        "Value": "JosephineK 97 39 2",
                        "Delimiter": "/"
                    }
                ]
            },
            {
                "LogName": "Jellies Festival Dialogue",
                "Action": "EditData",
                "Target": "Data/Festivals/summer28",
                "Entries": {
                    "JosephineK": "{{i18n:festivals.josephine.summer28}}"
                }
            },
            {
                "Action": "EditData",
                "Target": "Data/Festivals/fall16",
                "When": {
                    "HasSeenEvent |contains=57873005": false
                },
                "TextOperations": [
                    {
                        "Operation": "Append",
                        "Target": [
                            "Entries",
                            "Set-Up_additionalCharacters"
                        ],
                        "Value": "JosephineK 26 52 2",
                        "Delimiter": "/"
                    }
                ]
            },
            {
                "LogName": "Stardew Fair Dialogue",
                "Action": "EditData",
                "Target": "Data/Festivals/fall16",
                "Entries": {
                    "JosephineK": "{{i18n:festivals.josephine.fall16}}"
                }
            },
        ]
    }